AUTO_WF_SWITCH,CREATE_OPER_ID,CREATE_OPER_TIME,END_TIME,INTERVAL_TYPE,INTERVAL_VALUE,LAST_OPER_ID,LAST_OPER_TIME,LOAD_DATA_TS,MANUAL_WF_SWITCH,NOTIFICATION_ORG_ROLE,NOTIFICATION_SP_ROLE,NOTIFICATION_TYPE,PERIODIC_SWITCH,SETTLEMENT_PROFILE_DESC,SETTLEMENT_PROFILE_ID,SETTLEMENT_PROFILE_NAME,SP_NOTIFICATION_TYPE,START_TIME,STATUS,UNIQUE_ID                                                                                                                                                                                                                                                                                                                                                                                                                                                                                                                                                                                                                                                                                      <endrec>
"0","203000000000010036","2014-07-05 10:53:19.949000","","1","1","203000000200002131","2015-05-01 23:23:17.850000","","1","500000000000010052","0","107000000000028033","1","Daily Settlement - Pay Bill","101","Daily Settlement - Pay Bill","0","","50","30071511"<endrec>
"0","203000000000010036","2014-07-05 10:55:48.163000","","2","1","203000000200002131","2015-05-01 23:49:52.674000","","1","500000000000010052","0","107000000000028033","1","Weekly Settlement - Pay Bill","102","Weekly Settlement - Pay Bill","0","","50","30071516"<endrec>
"0","203000000000010036","2014-07-05 10:54:05.659000","","3","1","203000000200002131","2015-05-01 23:48:12.861000","","1","500000000000010052","0","107000000000028033","1","Monthly Settlement - Pay Bill","103","Monthly Settlement - Pay Bill","0","","50","30071517"<endrec>
"0","203000000000010036","2014-07-05 10:55:25.812000","","","","203000000200002131","2015-05-01 23:49:15.496000","","1","500000000000010052","0","107000000000028033","0","Utility Trigger Balance - Pay Bill","104","Utility Trigger Balance - Pay Bill","0","","50","30071518"<endrec>
"0","203000000000010036","2014-07-05 10:51:58.718000","","","","203000000200002131","2015-05-01 23:21:35.493000","","1","500000000000010052","0","107000000000028033","0","Charges Paid Trigger Balance - Pay Bill","105","Charges Paid Trigger Balance - Pay Bill","0","","50","30071519"<endrec>
"0","203000000000010036","2014-07-05 10:54:29.965000","","","","203000000000010392","2015-04-21 02:29:58.025000","","1","500000000000010052","0","107000000000028033","0","Utility Account Maximun Balance - Pay Bill","106","Utility Account Maximun Balance - Pay Bill","0","","50","30071524"<endrec>
"0","203000000000010036","2014-08-19 17:58:42.359000","","","","203000000200002131","2015-05-01 23:20:52.576000","","1","500000000000010052","0","107000000000028033","0","Charges Paid Trigger Balance - Merchant","107","Charges Paid Trigger Balance - Merchant","0","","50","30071538"<endrec>
"0","203000000000010036","2014-08-19 17:59:12.659000","","1","1","203000000200002131","2015-05-01 23:22:42.564000","","1","500000000000010052","0","107000000000028033","1","Daily Settlement - Merchant","108","Daily Settlement - Merchant","0","","50","30071539"<endrec>
"0","203000000000010036","2014-08-19 18:00:06.443000","","3","1","203000000200002131","2015-05-01 23:47:41.009000","","1","500000000000010052","0","107000000000028033","1","Monthly Settlement - Merchant","109","Monthly Settlement - Merchant","0","","50","30071540"<endrec>
"0","203000000000010036","2014-08-19 17:59:42.771000","","","","203000000200002131","2015-05-01 23:51:23.409000","","1","500000000000010052","0","107000000000028033","0","Merchant Account Maximun Balance - Merchant","110","Merchant Account Maximun Balance - Merchant","0","","50","30071541"<endrec>
"0","203000000000010036","2014-08-19 17:59:54.554000","","","","203000000200002131","2015-05-01 23:52:26.666000","","1","500000000000010052","0","107000000000028033","0","Merchant Trigger Balance - Merchant","111","Merchant Trigger Balance - Merchant","0","","50","30071542"<endrec>
"0","203000000000010036","2014-08-19 18:00:31.523000","","2","1","203000000200002131","2015-05-01 23:49:32.927000","","1","500000000000010052","0","107000000000028033","1","Weekly Settlement - Merchant","112","Weekly Settlement - Merchant","0","","50","30071543"<endrec>
"0","203000000000010036","2014-08-19 17:59:31.066000","","1","1","203000000200002131","2015-05-01 23:23:51.050000","","1","500000000000010052","0","107000000000028033","1","Daily Settlement - Pay BillMerchant","113","Daily Settlement - Pay Bill and Merchant","0","","50","30076486"<endrec>
"0","203000000000010036","2014-08-19 18:00:44.069000","","2","1","203000000200002131","2015-05-01 23:47:06.542000","","1","500000000000010052","0","107000000000028033","1","Weekly Settlement - Pay BillMerchant","114","Weekly Settlement - Pay Bill And Merchant","0","","50","30076487"<endrec>
"0","203000000000010036","2014-08-19 18:00:18.647000","","3","1","203000000200002131","2015-05-01 23:47:49.058000","","1","500000000000010052","0","107000000000028033","1","Monthly Settlement - Pay BillMerchant","115","Monthly Settlement - Pay Bill And Merchant","0","","50","30076488"<endrec>
"0","203000000000010036","2014-08-19 17:58:55.273000","","","","203000000200002131","2015-05-01 23:22:11.887000","","1","500000000000010052","0","107000000000028033","0","Charges Paid Trigger Balance - Pay BillMerchant","117","Charges Paid Trigger Balance - Pay Bill And Merchant","0","","50","30076490"<endrec>
"0","203000000000010063","2014-10-10 16:42:31.961000","","","","203000000000010133","2014-10-11 14:33:25.031000","","1","500000000000010135","0","107000000000031032","0","M-Shwari Settlement","119","M-Shwari Settlement","0","","50","30104818"<endrec>
"0","203000000000010063","2014-10-10 16:49:58.412000","","","","203000000000010063","2014-10-10 17:43:16.673000","","1","500000000000010135","0","107000000000031032","0","M-Kesho Settlement","120","M-Kesho Settlement","0","","50","30104821"<endrec>
"0","203000000000010063","2014-10-11 14:29:50.140000","","","","203000000000010392","2015-04-21 02:31:57.844000","","1","500000000000010135","0","107000000000031032","0","M-Kesho Settlement","120","M-Kesho Settlement","0","","50","30104826"<endrec>
"0","203000000000010133","2014-10-11 14:33:18.953000","","","","203000000000010289","2015-04-15 21:35:38.907000","","1","500000000000010135","0","107000000000031032","0","M-Shwari Settlement","119","M-Shwari Settlement","0","","50","30105835"<endrec>
"0","203000000000010164","2014-11-13 18:59:50.540000","","1","1","203000000000010164","2014-11-22 17:13:23.649000","","1","500000000000010079","0","107000000000028033","1","MNO Settlement Profile","121","MNO Settlement Profile","0","","50","30120116"<endrec>
"0","203000000000010164","2014-11-22 17:13:17.561000","","1","1","203000000200002131","2015-05-01 23:47:30.416000","","1","500000000000010079","0","107000000000028033","1","MNO Settlement Profile","121","MNO Settlement Profile","0","","50","30129091"<endrec>
"0","203000000000010164","2014-11-24 16:05:37.564000","","","","203000000200002131","2015-05-01 23:48:56.029000","","1","500000000000010052","0","107000000000028033","0","Utility And Merchant Trigger Balance - Pay Bill And Merchant","122","Utility And Merchant Trigger Balance - Pay Bill And Merchant","0","","50","30130077"<endrec>
"0","203000000000010164","2014-11-24 16:22:39.057000","","","","203000000200002131","2015-05-01 23:48:27.118000","","1","500000000000010052","0","107000000000028033","0","Utility And Merchant Account Maximun Balance - Pay Bill And Merchant","123","Utility And Merchant Account Maximun Balance - Pay Bill And Merchant","0","","50","30130078"<endrec>
"0","203000000000010289","2015-04-15 21:35:18.685000","","","","203000000000010276","2015-04-15 22:51:35.774000","","1","500000000000010135","0","107000000000031032","0","M-Shwari Settlement","119","M-Shwari Settlement","0","","50","30178488"<endrec>
"0","203000000000010276","2015-04-15 22:51:27.386000","","","","203000000000010276","2015-04-16 16:24:46.623000","","1","500000000000010135","0","107000000000031032","0","M-Shwari Settlement","119","M-Shwari Settlement","0","","50","30178492"<endrec>
"0","203000000000010276","2015-04-16 16:24:39.397000","","","","203000000000010392","2015-04-21 02:31:09.537000","","1","500000000000010135","0","107000000000031032","0","M-Shwari Settlement","119","M-Shwari Settlement","0","","50","30178503"<endrec>
"0","203000000000010392","2015-04-21 02:29:47.138000","","","","203000000200002131","2015-05-01 23:48:20.500000","","1","500000000000010052","0","107000000000028033","0","Utility Account Maximun Balance - Pay Bill","106","Utility Account Maximun Balance - Pay Bill","0","","50","937125874"<endrec>
"0","203000000000010392","2015-04-21 02:30:59.532000","","","","203000000200002131","2015-05-01 23:50:36.912000","","1","500000000000010220","0","107000000000031032","0","M-Shwari Settlement","119","M-Shwari Settlement","0","","50","937125875"<endrec>
"0","203000000000010392","2015-04-21 02:31:45.737000","","","","203000000200002131","2015-05-01 23:24:12.868000","","1","500000000000010220","0","107000000000031032","0","M-Kesho Settlement","120","M-Kesho Settlement","0","","50","937125876"<endrec>
"0","203000000200002131","2015-05-01 23:14:01.134000","","","","203000000000013022","2016-04-26 03:43:30.248000","","0","500000000000010052","0","107000000000028033","0","Charges Paid Trigger Balance - Merchant","107","Charges Paid Trigger Balance - Merchant","0","","50","937131878"<endrec>
"0","203000000200002131","2015-05-01 23:14:42.940000","","","","203000000000013022","2016-04-26 04:29:13.683000","","0","500000000000010052","0","107000000000028033","0","Charges Paid Trigger Balance - Pay Bill","105","Charges Paid Trigger Balance - Pay Bill","0","","50","937131879"<endrec>
"0","203000000200002131","2015-05-01 23:15:02.629000","","","","203000000000013022","2016-04-26 04:32:31.893000","","0","500000000000010052","0","107000000000028033","0","Charges Paid Trigger Balance - Pay BillMerchant","117","Charges Paid Trigger Balance - Pay Bill And Merchant","0","","50","937131880"<endrec>
"0","203000000200002131","2015-05-01 23:15:18.644000","","1","1","203000000000013022","2016-04-26 04:40:26.299000","","0","500000000000010052","0","107000000000028033","1","Daily Settlement - Merchant","108","Daily Settlement - Merchant","0","","50","937131881"<endrec>
"0","203000000200002131","2015-05-01 23:15:34.041000","","1","1","203000000000013022","2016-04-26 04:45:40.495000","","0","500000000000010052","0","107000000000028033","1","Daily Settlement - Pay Bill","101","Daily Settlement - Pay Bill","0","","50","937131882"<endrec>
"0","203000000200002131","2015-05-01 23:15:48.440000","","1","1","203000000000013022","2016-04-26 04:45:51.276000","","0","500000000000010052","0","107000000000028033","1","Daily Settlement - Pay BillMerchant","113","Daily Settlement - Pay Bill and Merchant","0","","50","937131883"<endrec>
"0","203000000200002131","2015-05-01 23:16:02.275000","","","","203000000200002131","2015-05-01 23:50:13.669000","","1","500000000000010220","0","107000000000031032","0","M-Kesho Settlement","120","M-Kesho Settlement","0","","50","937131884"<endrec>
"0","203000000200002131","2015-05-01 23:43:19.701000","","","","203000000000013022","2016-04-26 04:55:15.695000","","0","500000000000010220","0","107000000000031032","0","M-Kesho Settlement","120","M-Kesho Settlement","0","","50","937133890"<endrec>
"0","203000000200002131","2015-05-01 23:43:34.310000","","","","203000000000013022","2016-04-26 05:01:14.818000","","0","500000000000010220","0","107000000000031032","0","M-Shwari Settlement","119","M-Shwari Settlement","0","","50","937133891"<endrec>
"0","203000000200002131","2015-05-01 23:43:48.423000","","","","203000000000013022","2016-04-26 05:06:06.386000","","0","500000000000010052","0","107000000000028033","0","Merchant Account Maximun Balance - Merchant","110","Merchant Account Maximun Balance - Merchant","0","","50","937133892"<endrec>
"0","203000000200002131","2015-05-01 23:44:02.102000","","","","203000000000013022","2016-04-26 05:09:48.060000","","0","500000000000010052","0","107000000000028033","0","Merchant Trigger Balance - Merchant","111","Merchant Trigger Balance - Merchant","0","","50","937133893"<endrec>
"0","203000000200002131","2015-05-01 23:44:19.254000","","1","1","203000000200002131","2015-05-01 23:47:30.462000","","0","500000000000010079","0","107000000000028033","1","MNO Settlement Profile","121","MNO Settlement Profile","0","","30","937133894"<endrec>
"0","203000000200002131","2015-05-01 23:44:32.118000","","3","1","203000000000010809","2015-08-12 15:38:49.482000","","0","500000000000010052","0","107000000000028033","1","Monthly Settlement - Merchant","109","Monthly Settlement - Merchant","0","","50","937133895"<endrec>
"0","203000000200002131","2015-05-01 23:44:45.200000","","3","1","203000000200002131","2015-05-01 23:48:12.905000","","0","500000000000010052","0","107000000000028033","1","Monthly Settlement - Pay Bill","103","Monthly Settlement - Pay Bill","0","","30","937133896"<endrec>
"0","203000000200002131","2015-05-01 23:44:58.926000","","3","1","203000000200002131","2015-05-01 23:47:49.107000","","0","500000000000010052","0","107000000000028033","1","Monthly Settlement - Pay BillMerchant","115","Monthly Settlement - Pay Bill And Merchant","0","","30","937133897"<endrec>
"0","203000000200002131","2015-05-01 23:45:10.733000","","","","203000000200002131","2015-05-01 23:48:20.509000","","0","500000000000010052","0","107000000000028033","0","Utility Account Maximun Balance - Pay Bill","106","Utility Account Maximun Balance - Pay Bill","0","","30","937133898"<endrec>
"0","203000000200002131","2015-05-01 23:45:43.520000","","","","203000000200002131","2015-05-01 23:48:27.134000","","0","500000000000010052","0","107000000000028033","0","Utility And Merchant Account Maximun Balance - Pay Bill And Merchant","123","Utility And Merchant Account Maximun Balance - Pay Bill And Merchant","0","","30","937133899"<endrec>
"0","203000000200002131","2015-05-01 23:45:55.688000","","","","203000000200002131","2015-05-01 23:48:56.073000","","0","500000000000010052","0","107000000000028033","0","Utility And Merchant Trigger Balance - Pay Bill And Merchant","122","Utility And Merchant Trigger Balance - Pay Bill And Merchant","0","","30","937133900"<endrec>
"0","203000000200002131","2015-05-01 23:46:09.676000","","","","203000000200002131","2015-05-01 23:49:15.507000","","0","500000000000010052","0","107000000000028033","0","Utility Trigger Balance - Pay Bill","104","Utility Trigger Balance - Pay Bill","0","","30","937133901"<endrec>
"0","203000000200002131","2015-05-01 23:46:22.506000","","2","1","203000000200002131","2015-05-01 23:49:32.937000","","0","500000000000010052","0","107000000000028033","1","Weekly Settlement - Merchant","112","Weekly Settlement - Merchant","0","","30","937133902"<endrec>
"0","203000000200002131","2015-05-01 23:46:35.599000","","2","1","203000000200002131","2015-05-01 23:49:52.684000","","0","500000000000010052","0","107000000000028033","1","Weekly Settlement - Pay Bill","102","Weekly Settlement - Pay Bill","0","","30","937133903"<endrec>
"0","203000000200002131","2015-05-01 23:46:50.846000","","2","1","203000000200002131","2015-05-01 23:47:06.554000","","0","500000000000010052","0","107000000000028033","1","Weekly Settlement - Pay BillMerchant","114","Weekly Settlement - Pay Bill And Merchant","0","","30","937133904"<endrec>
"0","203000000000010809","2015-08-12 15:36:29.924000","","3","1","203000000000010809","2015-08-12 15:40:04.243000","","1","500000000000010382","0","107000000000028033","1","Monthly Settlement - Merchant","109","Monthly Settlement - Merchant","0","","50","937150114"<endrec>
"0","203000000000010809","2015-08-12 15:39:55.395000","","3","1","203000000000010809","2015-08-12 15:40:04.253000","","0","500000000000010382","0","107000000000028033","1","Monthly Settlement - Merchant","109","Monthly Settlement - Merchant","0","","30","937150115"<endrec>
"0","203000000000013022","2016-04-26 03:40:52.261000","","","","203000000000013022","2016-04-26 03:43:30.265000","","0","500000000000010102","0","107000000000028033","0","Charges Paid Trigger Balance - Merchant","107","Charges Paid Trigger Balance - Merchant","0","","30","937197665"<endrec>
"0","203000000000013022","2016-04-26 04:28:49.204000","","","","203000000000013022","2016-04-26 04:29:13.690000","","0","500000000000010102","0","107000000000028033","0","Charges Paid Trigger Balance - Pay Bill","105","Charges Paid Trigger Balance - Pay Bill","0","","30","937197666"<endrec>
"0","203000000000013022","2016-04-26 04:32:21.682000","","","","203000000000013022","2016-04-26 04:32:31.899000","","0","500000000000010102","0","107000000000028033","0","Charges Paid Trigger Balance - Pay BillMerchant","117","Charges Paid Trigger Balance - Pay Bill And Merchant","0","","30","937197667"<endrec>
"0","203000000000013022","2016-04-26 04:39:18.621000","","1","1","203000000000013022","2016-04-26 04:40:26.310000","","0","500000000000010102","0","107000000000028033","1","Daily Settlement - Merchant","108","Daily Settlement - Merchant","0","","30","937197668"<endrec>
"0","203000000000013022","2016-04-26 04:43:36.132000","","1","1","203000000000013022","2016-04-26 04:45:40.509000","","0","500000000000010102","0","107000000000028033","1","Daily Settlement - Pay Bill","101","Daily Settlement - Pay Bill","0","","30","937197669"<endrec>
"0","203000000000013022","2016-04-26 04:45:29.522000","","1","1","203000000000013022","2016-04-26 04:45:51.287000","","0","500000000000010102","0","107000000000028033","1","Daily Settlement - Pay BillMerchant","113","Daily Settlement - Pay Bill and Merchant","0","","30","937197670"<endrec>
"0","203000000000013022","2016-04-26 04:54:47.189000","","","","203000000000013022","2016-04-26 04:55:15.703000","","0","500000000000010102","0","107000000000031032","0","M-Kesho Settlement","120","M-Kesho Settlement","0","","30","937197671"<endrec>
"0","203000000000013022","2016-04-26 05:01:03.849000","","","","203000000000015423","2016-09-01 13:57:10.653000","","0","500000000000010102","0","107000000000031032","0","M-Shwari Settlement","119","M-Shwari Settlement","0","","50","937197672"<endrec>
"0","203000000000013022","2016-04-26 05:05:56.299000","","","","203000000000013022","2016-04-26 05:06:06.393000","","0","500000000000010102","0","107000000000028033","0","Merchant Account Maximun Balance - Merchant","110","Merchant Account Maximun Balance - Merchant","0","","30","937197673"<endrec>
"0","203000000000013022","2016-04-26 05:08:50.052000","","","","203000000000013022","2016-04-26 05:09:48.066000","","0","500000000000010102","0","107000000000028033","0","Merchant Trigger Balance - Merchant","111","Merchant Trigger Balance - Merchant","0","","30","937197674"<endrec>
"0","203000000000010806","2016-04-26 09:01:38.037000","","","","203000000000010806","2016-04-26 09:36:32.885000","","0","500000000000010102","404000000000010001","107000000000062034","0","IBM Parent to child profile Manual","125","IBM Parent to child profile Manual","107000000000062034","","50","937197680"<endrec>
"0","203000000000010806","2016-04-26 09:36:16.476000","","","","203000000000013012","2016-04-26 09:46:15.951000","","0","500000000000010102","500000000000010004","107000000000062034","0","IBM Parent to child profile Manual","125","IBM Parent to child profile Manual","107000000000062034","","50","937197684"<endrec>
"0","203000000000013012","2016-04-26 09:45:59.558000","","","","203000000000014502","2016-04-26 12:36:43.557000","","0","500000000000010102","500000000000010004","107000000000062034","0","IBM Parent to child profile Manual","125","IBM Parent to child profile Manual","107000000000062034","","50","937197686"<endrec>
"0","203000000000013012","2016-04-26 11:19:58.235000","","5","10","203000000000013012","2016-04-26 11:29:51.876000","","0","500000000000010102","500000000000010004","107000000000062034","1","IBM Parent to child profile Automatic","126","IBM Parent to child profile Automatic","107000000000062034","","50","937197690"<endrec>
"0","203000000000013012","2016-04-26 11:29:41.037000","","5","10","203000000000010806","2016-04-27 07:55:41.819000","","0","500000000000010102","500000000000010004","107000000000062034","1","IBM Parent to child profile Automatic","126","IBM Parent to child profile Automatic","107000000000062034","","50","937197691"<endrec>
"0","203000000000014502","2016-04-26 12:25:53.284000","","","","203000000000011310","2016-04-27 13:51:37.615000","","0","500000000000010102","500000000000010004","107000000000062034","0","IBM Parent to child profile Manual","125","IBM Parent to child profile Manual","107000000000062034","","50","937197694"<endrec>
"0","203000000000013012","2016-04-26 13:59:38.940000","","","","203000000000013012","2016-04-27 11:07:48.961000","","0","500000000000010102","500000000000010004","107000000000062034","0","IBM Child to Parent profile Manual","127","IBM Child to Parent profile Manual","107000000000062034","","50","937197698"<endrec>
"0","203000000000013012","2016-04-26 14:56:08.001000","","","","203000000000013012","2016-04-27 06:45:37.216000","","0","500000000000010102","500000000000010004","107000000000062034","0","IBM Child to Parent profile Trigger Balance","128","IBM Child to Parent profile Trigger Balance","107000000000062034","","50","937197700"<endrec>
"0","203000000000014502","2016-04-26 14:57:36.489000","","","","203000000000012204","2016-04-27 07:44:48.577000","","0","500000000000010102","404000000000010001","107000000000062034","0","IBM Parent to child profile Manual - 1","129","IBM Parent to child profile Manual - 1","107000000000062034","","50","937197701"<endrec>
"0","203000000000013012","2016-04-27 06:41:25.908000","","","","203000000000013012","2016-04-28 07:45:19.621000","","0","500000000000010102","500000000000010004","107000000000062034","0","IBM Child to Parent profile Trigger Balance","128","IBM Child to Parent profile Trigger Balance","107000000000062034","","50","937197702"<endrec>
"0","203000000000012204","2016-04-27 07:44:21.917000","","","","203000000000012204","2016-04-27 08:09:51.842000","","0","500000000000010102","404000000000010001","107000000000062034","0","IBM Parent to child profile Trigger Balance","129","IBM Parent to child profile Manual - 1","107000000000062034","","50","937197704"<endrec>
"0","203000000000010806","2016-04-27 07:55:29.704000","","5","3","203000000000012204","2016-04-27 12:25:04.847000","","0","500000000000010102","500000000000010004","107000000000062034","1","IBM Parent to child profile Automatic","126","IBM Parent to child profile Automatic","107000000000062034","","50","937197705"<endrec>
"0","203000000000012204","2016-04-27 08:09:39.924000","","","","203000000000012204","2016-04-27 09:24:42.227000","","0","500000000000010102","404000000000010001","107000000000062034","0","IBM Parent to child profile Trigger Balance","129","IBM Parent to child profile Manual - 1","107000000000062034","","50","937197707"<endrec>
"0","203000000000012204","2016-04-27 09:24:28.769000","","","","203000000000012204","2016-04-27 11:26:58.673000","","0","500000000000010102","404000000000010001","107000000000062034","0","IBM Parent to child profile Trigger Balance","129","IBM Parent to child profile Manual - 1","107000000000062034","","50","937197710"<endrec>
"0","203000000000013012","2016-04-27 11:07:28.603000","","5","3","203000000000011310","2016-04-28 09:35:44.091000","","0","500000000000010102","500000000000010004","107000000000062034","1","IBM Child to Parent profile Manual","127","IBM Child to Parent profile Manual","107000000000062034","","50","937197711"<endrec>
"0","203000000000012204","2016-04-27 11:26:43.850000","","","","203000000000012204","2016-04-27 14:15:55.399000","","0","500000000000010102","404000000000010001","107000000000062034","0","IBM Parent to child profile Trigger Balance","129","IBM Parent to child profile Manual - 1","107000000000062034","","50","937197714"<endrec>
"0","203000000000012204","2016-04-27 12:24:40.723000","","5","3","203000000000012204","2016-04-28 12:22:52.948000","","0","500000000000010102","500000000000010004","107000000000062034","1","IBM Parent to child profile Automatic","126","IBM Parent to child profile Automatic","107000000000062034","","50","937197715"<endrec>
"0","203000000000011310","2016-04-27 13:51:26.051000","","","","203000000000013012","2016-04-28 07:13:44.387000","","0","500000000000010102","500000000000010004","107000000000062034","0","IBM Parent to child profile Manual","125","IBM Parent to child profile Manual","107000000000062034","","50","937197717"<endrec>
"0","203000000000012204","2016-04-27 14:07:02.401000","","5","3","203000000000012204","2016-04-28 07:10:53.316000","","0","500000000000010102","404000000000010001","107000000000062034","1","IBM Parent to child profile Trigger Balance","129","IBM Parent to child profile Manual - 1","107000000000062034","","50","937197719"<endrec>
"0","203000000000012204","2016-04-28 07:10:43.897000","","5","3","203000000000012204","2016-04-28 07:53:19.537000","","0","500000000000010102","404000000000010001","107000000000062034","1","IBM Parent to child profile Trigger Balance","129","IBM Parent to child profile Manual - 1","107000000000062034","","50","937197723"<endrec>
"0","203000000000013012","2016-04-28 07:13:30.492000","","","","203000000000010806","2016-05-02 08:18:14.368000","","0","500000000000010102","500000000000010004","107000000000062034","0","IBM Parent to child profile Manual","125","IBM Parent to child profile Manual","107000000000062034","","50","937197724"<endrec>
"0","203000000000013012","2016-04-28 07:44:55.008000","","","","203000000000013012","2016-04-28 08:24:35.813000","","0","500000000000010102","500000000000010004","107000000000062034","0","IBM Child to Parent profile Trigger Balance","128","IBM Child to Parent profile Trigger Balance","107000000000062034","","50","937197725"<endrec>
"0","203000000000012204","2016-04-28 07:53:10.871000","","5","3","203000000000012204","2016-04-28 08:07:37.219000","","0","500000000000010102","404000000000010001","107000000000062034","1","IBM Parent to child profile Trigger Balance","129","IBM Parent to child profile Manual - 1","107000000000062034","","50","937197727"<endrec>
"0","203000000000012204","2016-04-28 08:07:28.128000","","5","3","203000000000012204","2016-04-28 08:58:02.874000","","0","500000000000010102","404000000000010001","107000000000062034","1","IBM Parent to child profile Trigger Balance","129","IBM Parent to child profile Manual - 1","107000000000062034","","50","937197728"<endrec>
"0","203000000000013012","2016-04-28 08:24:24.828000","","5","1","203000000000011310","2016-04-28 10:43:32.847000","","0","500000000000010102","500000000000010004","107000000000062034","1","IBM Child to Parent profile Trigger Balance","128","IBM Child to Parent profile Trigger Balance","107000000000062034","","50","937197730"<endrec>
"0","203000000000012204","2016-04-28 08:57:48.735000","","5","3","203000000000012204","2016-04-28 09:04:59.976000","","0","500000000000010102","404000000000010001","107000000000062034","0","IBM Parent to child profile Trigger Balance","129","IBM Parent to child profile Manual - 1","107000000000062034","","50","937197735"<endrec>
"0","203000000000012204","2016-04-28 09:04:50.372000","","5","3","203000000000012204","2016-04-28 09:14:46.929000","","0","500000000000010102","404000000000010001","107000000000062034","1","IBM Parent to child profile Trigger Balance","129","IBM Parent to child profile Manual - 1","107000000000062034","","50","937197736"<endrec>
"0","203000000000012204","2016-04-28 09:14:35.103000","","5","3","203000000000011310","2016-04-28 09:23:16.297000","","0","500000000000010102","404000000000010001","107000000000062034","0","IBM Parent to child profile Trigger Balance","129","IBM Parent to child profile Manual - 1","107000000000062034","","50","937197737"<endrec>
"0","203000000000011310","2016-04-28 09:22:58.830000","","5","3","203000000000012204","2016-04-28 09:23:45.958000","","1","500000000000010102","404000000000010001","107000000000062034","0","IBM Parent to child profile manual Balance","129","IBM Parent to child profile Manual - 1","107000000000062034","","50","937197738"<endrec>
"0","203000000000012204","2016-04-28 09:23:35.339000","","5","3","203000000000013012","2016-04-28 10:52:31.672000","","0","500000000000010102","404000000000010001","107000000000062034","0","IBM Parent to child profile Trigger Balance","129","IBM Parent to child profile Manual - 1","107000000000062034","","50","937197739"<endrec>
"0","203000000000011310","2016-04-28 09:35:29.610000","","5","3","203000000000011311","2016-04-29 12:27:44.251000","","1","500000000000010102","500000000000010004","107000000000062034","0","IBM Child to Parent profile Manual","127","IBM Child to Parent profile Manual","107000000000062034","","50","937197740"<endrec>
"0","203000000000011310","2016-04-28 10:43:17.337000","","5","1","203000000000011310","2016-04-28 10:50:13.121000","","1","500000000000010102","500000000000010004","107000000000062034","0","IBM Child to Parent profile Trigger Balance","128","IBM Child to Parent profile Trigger Balance","107000000000062034","","50","937197746"<endrec>
"0","203000000000011310","2016-04-28 10:49:59.765000","","5","1","203000000000011310","2016-04-28 11:01:54.395000","","0","500000000000010102","500000000000010004","107000000000062034","0","IBM Child to Parent profile Trigger Balance","128","IBM Child to Parent profile Trigger Balance","107000000000062034","","50","937197748"<endrec>
"0","203000000000013012","2016-04-28 10:52:15.994000","","5","3","203000000000013012","2016-04-28 11:07:43.736000","","0","500000000000010102","404000000000010001","107000000000062034","0","IBM Parent to child profile Trigger Balance","129","IBM Parent to child profile Manual - 1","107000000000062034","","50","937197749"<endrec>
"0","203000000000011310","2016-04-28 11:01:40.555000","","5","1","203000000000011310","2016-04-28 11:42:48.817000","","1","500000000000010102","500000000000010004","107000000000062034","0","IBM Child to Parent profile Trigger Balance","128","IBM Child to Parent profile Trigger Balance","107000000000062034","","50","937197751"<endrec>
"0","203000000000013012","2016-04-28 11:07:17.264000","","5","3","203000000000013012","2016-04-28 12:13:55.658000","","0","500000000000010102","404000000000010001","107000000000062034","1","IBM Parent to child profile Trigger Balance","129","IBM Parent to child profile Manual - 1","107000000000062034","","50","937197752"<endrec>
"0","203000000000011310","2016-04-28 11:42:33.038000","","5","1","203000000000011310","2016-04-28 13:41:03.383000","","1","500000000000010102","500000000000010004","107000000000062034","0","IBM Child to Parent profile Trigger Balance","128","IBM Child to Parent profile Trigger Balance","107000000000062034","","50","937197753"<endrec>
"0","203000000000013012","2016-04-28 12:13:44.855000","","5","3","203000000000013012","2016-04-28 12:50:35.412000","","1","500000000000010102","404000000000010001","107000000000062034","0","IBM Parent to child profile Trigger Balance","129","IBM Parent to child profile Manual - 1","107000000000062034","","50","937197754"<endrec>
"0","203000000000012204","2016-04-28 12:22:43.092000","","5","3","203000000000012204","2016-04-28 13:34:57.962000","","0","500000000000010102","500000000000010004","107000000000062034","1","IBM Parent to child profile Automatic","126","IBM Parent to child profile Automatic","107000000000062034","","50","937197755"<endrec>
"0","203000000000013012","2016-04-28 12:50:04.372000","","5","3","203000000000013012","2016-04-28 13:25:46.438000","","0","500000000000010102","404000000000010001","107000000000062034","0","IBM Parent to child profile Trigger Balance","129","IBM Parent to child profile Manual - 1","107000000000062034","","50","937197756"<endrec>
"0","203000000000013012","2016-04-28 13:25:37.399000","","5","3","203000000000013012","2016-04-28 13:52:04.916000","","1","500000000000010102","404000000000010001","107000000000062034","0","IBM Parent to child profile Trigger Balance","129","IBM Parent to child profile Manual - 1","107000000000062034","","50","937197757"<endrec>
"0","203000000000012204","2016-04-28 13:34:45.740000","","5","3","203000000000014911","2018-01-25 09:30:54.961000","","0","500000000000010102","500000000000010004","107000000000062034","0","IBM Parent to child profile Automatic","126","IBM Parent to child profile Automatic","107000000000062034","","50","937197758"<endrec>
"0","203000000000011310","2016-04-28 13:40:45.574000","","5","1","203000000000010806","2018-01-25 09:15:53.430000","","1","500000000000010102","500000000000010004","107000000000062034","0","IBM Child to Parent profile Trigger Balance","128","IBM Child to Parent profile Trigger Balance","107000000000062034","","50","937197759"<endrec>
"0","203000000000013012","2016-04-28 13:51:55.882000","","5","3","203000000000013012","2016-04-28 13:56:16.415000","","1","500000000000010102","404000000000010001","107000000000062034","1","IBM Parent to child profile Trigger Balance","129","IBM Parent to child profile Manual - 1","107000000000062034","","50","937197760"<endrec>
"1","203000000000013012","2016-04-28 13:56:07.025000","","5","3","203000000000013012","2016-04-29 08:31:08.148000","","0","500000000000010102","404000000000010001","107000000000062034","1","IBM Parent to child profile Trigger Balance","129","IBM Parent to child profile Manual - 1","107000000000062034","","50","937197761"<endrec>
"0","203000000000013012","2016-04-28 14:45:19.118000","","","","203000000000013012","2016-05-19 10:05:05.628000","","0","500000000000010102","500000000000010004","107000000000062034","0","IBM Auto Sweep from Organisation Bank profile","130","IBM Auto Sweep from Organisation Bank profile","107000000000062034","","50","937197763"<endrec>
"0","203000000000013012","2016-04-29 08:30:51.328000","","5","3","203000000000013012","2016-04-29 10:32:40.355000","","0","500000000000010102","404000000000010001","107000000000062034","0","IBM Parent to child profile Trigger Balance","129","IBM Parent to child profile Manual - 1","107000000000062034","","50","937197771"<endrec>
"0","203000000000013012","2016-04-29 10:32:29.378000","","5","3","203000000000013012","2016-04-29 12:15:27.475000","","0","500000000000010102","500000000000010004","107000000000062034","0","IBM Parent to child profile Trigger Balance","129","IBM Parent to child profile Manual - 1","107000000000062034","","50","937197779"<endrec>
"0","203000000000013012","2016-04-29 12:15:12.259000","","5","3","203000000000013012","2016-04-29 13:25:32.839000","","0","500000000000010102","500000000000010004","107000000000062034","1","IBM Parent to child profile Trigger Balance","129","IBM Parent to child profile Manual - 1","107000000000062034","","50","937197789"<endrec>
"0","203000000000011311","2016-04-29 12:27:19.250000","","5","3","203000000000013012","2016-05-03 07:19:32.355000","","0","500000000000010102","500000000000010004","107000000000062034","0","IBM Child to Parent profile Manual","127","IBM Child to Parent profile Manual","107000000000062034","","50","937197790"<endrec>
"0","203000000000013012","2016-04-29 13:25:23.320000","","5","3","203000000000013012","2016-05-02 11:54:38.797000","","0","500000000000010102","500000000000010004","107000000000062034","0","IBM Parent to child profile Trigger Balance","129","IBM Parent to child profile Manual - 1","107000000000062034","","50","937197794"<endrec>
"0","203000000000010806","2016-05-02 08:17:52.542000","","","","203000000000010806","2016-05-02 14:25:57.407000","","0","500000000000010102","500000000000010004","107000000000062034","0","IBM Parent to child profile Manual","125","IBM Parent to child profile Manual","107000000000062034","","50","937197803"<endrec>
"0","203000000000013012","2016-05-02 11:54:25.569000","","5","3","203000000000012204","2016-05-02 14:19:45.483000","","0","500000000000010102","500000000000010004","107000000000062034","0","IBM Parent to child profile Trigger Balance","129","IBM Parent to child profile Manual - 1","107000000000062034","","50","937197806"<endrec>
"0","203000000000012204","2016-05-02 14:19:29.932000","","5","3","203000000000012204","2016-05-03 11:00:12.663000","","0","500000000000010102","500000000000010004","107000000000062034","0","IBM Parent to child profile Trigger Balance","129","IBM Parent to child profile Manual - 1","107000000000062034","","50","937197819"<endrec>
"0","203000000000010806","2016-05-02 14:25:35.785000","","","","203000000000011311","2016-05-03 11:35:02.039000","","0","500000000000010102","500000000000010004","107000000000062034","0","IBM Parent to child profile Manual","125","IBM Parent to child profile Manual","107000000000062034","","50","937197821"<endrec>
"0","203000000000013012","2016-05-03 07:19:19.115000","","5","3","203000000000013022","2016-05-03 08:38:42.085000","","0","500000000000010102","500000000000010004","107000000000062034","1","IBM Child to Parent profile Manual","127","IBM Child to Parent profile Manual","107000000000062034","","50","937197824"<endrec>
"0","203000000000013022","2016-05-03 08:37:49.869000","","5","3","203000000000013012","2016-05-03 10:35:32.277000","","0","500000000000011602","500000000000010004","107000000000062034","0","IBM Child to Parent profile Manual","127","IBM Child to Parent profile Manual","107000000000062034","","50","937197826"<endrec>
"0","203000000000013012","2016-05-03 10:35:16.219000","","5","3","203000000000013012","2016-05-03 10:56:48.248000","","0","500000000000011602","500000000000010004","107000000000062034","0","IBM Child to Parent profile Manual","127","IBM Child to Parent profile Manual","107000000000062034","","50","937197828"<endrec>
"0","203000000000013012","2016-05-03 10:56:36.907000","","5","3","203000000000013012","2016-05-23 08:21:19.729000","","0","500000000000011602","500000000000010004","107000000000062034","0","IBM Child to Parent profile Manual","127","IBM Child to Parent profile Manual","107000000000062034","","50","937197829"<endrec>
"1","203000000000012204","2016-05-03 11:00:03.594000","","5","3","203000000000012204","2016-05-03 11:08:03.645000","","1","500000000000010102","500000000000010004","107000000000062034","1","IBM Parent to child profile Trigger Balance","129","IBM Parent to child profile Manual - 1","107000000000062034","","50","937197830"<endrec>
"1","203000000000012204","2016-05-03 11:07:37.924000","","5","3","203000000000012204","2016-05-03 12:08:55.626000","","0","500000000000010102","500000000000010004","107000000000062034","1","IBM Parent to child profile Trigger Balance","129","IBM Parent to child profile Manual - 1","107000000000062034","","50","937197831"<endrec>
"0","203000000000011311","2016-05-03 11:34:47.570000","","","","203000000000011311","2016-05-03 12:17:45.670000","","0","500000000000010102","500000000000010004","107000000000062034","0","IBM Parent to child profile Manual","125","IBM Parent to child profile Manual","107000000000062034","","50","937197834"<endrec>
"0","203000000000012204","2016-05-03 12:08:27.895000","","5","3","203000000000012204","2016-05-03 14:01:41.637000","","0","500000000000010102","500000000000010004","107000000000062034","0","IBM Parent to child profile Trigger Balance","129","IBM Parent to child profile Manual - 1","107000000000062034","","50","937197836"<endrec>
"0","203000000000011311","2016-05-03 12:17:34.586000","","","","203000000000011311","2016-05-03 12:20:06.560000","","0","500000000000010102","500000000000010004","107000000000062034","0","IBM Parent to child profile Manual","125","IBM Parent to child profile Manual","107000000000062034","","50","937197837"<endrec>
"0","203000000000011311","2016-05-03 12:19:55.182000","","","","203000000000013012","2016-05-03 12:37:15.170000","","0","500000000000010102","500000000000010004","107000000000062034","0","IBM Parent to child profile Manual","125","IBM Parent to child profile Manual","107000000000062034","","50","937197838"<endrec>
"0","203000000000013012","2016-05-03 12:37:04.832000","","","","203000000000013012","2016-05-03 12:53:58.892000","","0","500000000000010102","500000000000010004","107000000000062034","0","IBM Parent to child profile Manual","125","IBM Parent to child profile Manual","107000000000062034","","50","937197839"<endrec>
"0","203000000000013012","2016-05-03 12:53:48.645000","","","","203000000000013012","2016-05-03 13:28:21.435000","","0","500000000000010102","500000000000010004","107000000000062034","0","IBM Parent to child profile Manual","125","IBM Parent to child profile Manual","107000000000062034","","50","937197842"<endrec>
"0","203000000000013012","2016-05-03 13:27:49.619000","","","","203000000000013012","2016-05-03 13:42:52.243000","","0","500000000000010102","500000000000010004","107000000000062034","0","IBM Parent to child profile Manual","125","IBM Parent to child profile Manual","107000000000062034","","50","937197845"<endrec>
"0","203000000000013012","2016-05-03 13:42:39.174000","","","","203000000000011311","2016-05-03 14:32:11.145000","","0","500000000000010102","500000000000010004","107000000000062034","0","IBM Parent to child profile Manual","125","IBM Parent to child profile Manual","107000000000062034","","50","937197846"<endrec>
"1","203000000000012204","2016-05-03 14:01:00.566000","","5","3","203000000000014911","2018-06-05 11:23:51.942000","","0","500000000000010102","500000000000010004","107000000000062034","1","IBM Parent to child profile Trigger Balance","129","IBM Parent to child profile Manual - 1","107000000000062034","","50","937197847"<endrec>
"0","203000000000011311","2016-05-03 14:31:45.953000","","","","203000000000014911","2016-10-27 18:51:08.990000","","0","500000000000010102","500000000000010004","107000000000062034","0","IBM Parent to child profile Manual","125","IBM Parent to child profile Manual","107000000000062034","","50","937197848"<endrec>
"1","203000000000013202","2016-05-05 04:44:26.144000","","","","203000000000013202","2016-05-05 04:48:54.255000","","1","500000000000011502","0","107000000000028033","0","OrgBank","131","OrgBank","0","","50","937197868"<endrec>
"1","203000000000013202","2016-05-05 04:48:03.147000","","","","203000000000016349","2018-01-24 11:31:17.377000","","1","500000000000011502","0","107000000000028033","0","Parent or child","132","Parent or child","0","","50","937197869"<endrec>
"1","203000000000013202","2016-05-05 04:48:47.108000","","","","203000000000013012","2016-05-30 14:32:19.887000","","1","500000000000011502","0","107000000000028033","0","OrgBank","131","OrgBank","0","","50","937197870"<endrec>
"0","203000000000013012","2016-05-19 10:04:53.191000","","","","203000000000011311","2016-05-20 08:17:47.474000","","0","500000000000010102","500000000000010004","107000000000062034","0","IBM Auto Sweep from Organisation Bank profile","130","IBM Auto Sweep from Organisation Bank profile","107000000000062034","","50","937203539"<endrec>
"0","203000000000011311","2016-05-20 08:17:32.722000","","5","5","203000000000013012","2016-05-20 10:25:28.744000","","0","500000000000010102","500000000000010004","107000000000062034","1","IBM Auto Sweep from Organisation Bank profile","130","IBM Auto Sweep from Organisation Bank profile","107000000000062034","","50","937203564"<endrec>
"0","203000000000013012","2016-05-20 10:25:20.108000","","5","5","203000000000013012","2016-05-23 08:40:52.927000","","0","500000000000010102","500000000000010004","107000000000062034","0","IBM Auto Sweep from Organisation Bank profile","130","IBM Auto Sweep from Organisation Bank profile","107000000000062034","","50","937203566"<endrec>
"0","203000000000013012","2016-05-23 08:21:05.469000","","5","3","203000000000013012","2016-05-23 08:26:03.947000","","0","500000000000011602","500000000000010004","107000000000062034","0","IBM Child to Parent profile Manual","127","IBM Child to Parent profile Manual","107000000000062034","","50","937205530"<endrec>
"0","203000000000013012","2016-05-23 08:25:38.292000","","5","3","203000000000015725","2017-05-12 07:26:35.856000","","0","500000000000011602","500000000000010004","107000000000062034","0","IBM Child to Parent profile Manual","127","IBM Child to Parent profile Manual","107000000000062034","","50","937205533"<endrec>
"0","203000000000013012","2016-05-23 08:40:30.857000","","5","5","203000000000013012","2016-06-02 12:38:13.748000","","0","500000000000010102","500000000000010004","107000000000062034","0","IBM Auto Sweep from Organisation Bank profile","130","IBM Auto Sweep from Organisation Bank profile","107000000000062034","","50","937205537"<endrec>
"0","203000000000013012","2016-05-30 14:32:10.372000","","","","203000000000010806","2016-08-30 11:29:27.737000","","0","500000000000011502","0","107000000000028033","0","OrgBank","131","OrgBank","0","","50","937205720"<endrec>
"0","203000000000013012","2016-06-02 12:38:05.684000","","5","5","203000000000011311","2016-06-17 20:37:48.284000","","0","500000000000010102","500000000000010004","107000000000062034","0","IBM Auto Sweep from Organisation Bank profile","130","IBM Auto Sweep from Organisation Bank profile","107000000000062034","","50","937208575"<endrec>
"0","203000000000011311","2016-06-17 20:37:38.880000","","5","5","203000000000018910","2017-11-01 10:25:40.548000","","1","500000000000010102","500000000000010004","107000000000062034","0","IBM Auto Sweep from Organisation Bank profile","130","IBM Auto Sweep from Organisation Bank profile","107000000000062034","","50","937212553"<endrec>
"1","203000000000010806","2016-08-30 11:29:20.210000","","","","203000000000014908","2016-10-20 08:34:21.708000","","1","500000000000011502","0","107000000000028033","0","OrgBank","131","OrgBank","0","","50","937219386"<endrec>
"0","203000000000015423","2016-09-01 13:55:45.203000","","","","203000000000015423","2016-09-02 13:07:11.835000","","1","500000000000010102","500000000000010004","107000000000031032","0","M-Shwari Settlement","119","M-Shwari Settlement","107000000000031032","","50","937220547"<endrec>
"1","203000000000015423","2016-09-02 13:06:54.333000","","1","1","203000000000012704","2018-12-26 14:17:52.381000","","1","500000000000010102","500000000000010004","107000000000031032","1","M-Shwari Settlement","119","M-Shwari Settlement","107000000000031032","","50","937220594"<endrec>
"0","203000000000014908","2016-10-20 08:34:09.783000","","","","203000000000014908","2016-10-20 08:34:21.713000","","0","500000000000011502","0","107000000000028033","0","OrgBank","131","OrgBank","0","","30","937230563"<endrec>
"0","203000000000014911","2016-10-27 18:50:56.844000","","","","203000000000014911","2016-10-27 18:53:51.133000","","0","500000000000010102","500000000000010004","107000000000062034","0","IBM Parent to child profile Manual","125","IBM Parent to child profile Manual","107000000000062034","","50","937232557"<endrec>
"0","203000000000014911","2016-10-27 18:53:41.163000","","","","203000000000014906","2016-11-28 14:27:50.743000","","0","500000000000010102","500000000000010004","107000000000062034","0","IBM Parent to child profile Manual","125","IBM Parent to child profile Manual","107000000000062034","","50","937232558"<endrec>
"0","203000000000014906","2016-11-28 14:27:28.485000","","","","203000000000010811","2016-11-29 07:24:04.142000","","1","500000000000010102","500000000000010004","107000000000062034","0","IBM Parent to child profile Manual","125","IBM Parent to child profile Manual","107000000000062034","","50","937243677"<endrec>
"0","203000000000010811","2016-11-29 07:23:53.250000","","","","203000000000010806","2016-11-29 08:01:58.215000","","1","500000000000010102","500000000000010004","107000000000062034","0","IBM Parent to child profile Manual","125","IBM Parent to child profile Manual","107000000000062034","","50","937243682"<endrec>
"0","203000000000010806","2016-11-29 08:01:35.548000","","","","203000000000010811","2017-05-11 11:39:33.790000","","1","500000000000010102","500000000000010004","107000000000062034","0","IBM Parent to child profile Manual","125","IBM Parent to child profile Manual","107000000000062034","","50","937243683"<endrec>
"0","203000000000010811","2017-05-11 11:39:21.054000","","","","203000000000010811","2017-05-11 11:41:01.883000","","0","500000000000010102","500000000000010004","107000000000062034","0","IBM Parent to child profile Manual","125","IBM Parent to child profile Manual","107000000000062034","","50","937337879"<endrec>
"0","203000000000010811","2017-05-11 11:40:50.674000","","","","203000000000010811","2017-05-11 11:48:30.585000","","1","500000000000010102","500000000000010004","107000000000062034","0","IBM Parent to child profile Manual","125","IBM Parent to child profile Manual","107000000000062034","","50","937337880"<endrec>
"0","203000000000010811","2017-05-11 11:48:08.470000","","","","203000000000018910","2017-06-27 10:21:33.752000","","1","500000000000010102","500000000000010004","107000000000062034","0","IBM Parent to child profile Manual","125","IBM Parent to child profile Manual","107000000000062034","","50","937337881"<endrec>
"0","203000000000018910","2017-06-27 10:21:15.453000","","","","203000000000018910","2017-06-27 10:36:20.963000","","1","500000000000010102","500000000000010004","107000000000062034","0","IBM Parent to child profile Manual","125","IBM Parent to child profile Manual","107000000000062034","","50","937337882"<endrec>
"0","203000000000015725","2017-05-12 07:26:21.903000","","5","3","203000000000015725","2017-05-12 08:01:57.855000","","1","500000000000011602","500000000000010004","107000000000062034","0","IBM Child to Parent profile Manual","127","IBM Child to Parent profile Manual","107000000000062034","","50","937337884"<endrec>
"0","203000000000015725","2017-05-12 08:01:42.092000","","5","3","203000000000015728","2018-01-25 08:47:42.605000","","1","500000000000011602","500000000000010004","107000000000062034","0","IBM Child to Parent profile Manual","127","IBM Child to Parent profile Manual","107000000000062034","","50","937338882"<endrec>
"0","203000000000018910","2017-06-27 10:36:01.829000","","","","203000000000015423","2018-01-24 11:45:11.193000","","1","500000000000010102","500000000000010004","107000000000062034","0","IBM Parent to child profile Manual","125","IBM Parent to child profile Manual","107000000000062034","","50","937365205"<endrec>
"0","203000000000014911","2017-08-04 13:41:24.212000","","1","1","203000000000014911","2017-08-04 13:41:35.079000","","0","500000000000010102","0","107000000000028033","1","Daily Settlement - Airtime","134","Daily Settlement - Airtime","0","2017-08-04 00:00:00.000000","30","937381553"<endrec>
"0","203000000000014911","2017-08-16 14:42:55.789000","","1","1","203000000000014911","2017-08-16 14:43:05.600000","","0","500000000000010102","0","107000000000028033","1","Daily Settlement - Service Purchase","136","Daily Settlement - Service Purchase","0","2017-08-04 00:00:00.000000","30","937391586"<endrec>
"0","203000000000018910","2017-11-01 10:25:23.938000","","5","5","203000000000018910","2017-11-01 10:52:34.728000","","1","500000000000010102","500000000000010004","107000000000062034","0","IBM Auto Sweep from Organisation Bank profile","130","IBM Auto Sweep from Organisation Bank profile","107000000000062034","","50","937421172"<endrec>
"0","203000000000018910","2017-11-01 10:52:00.351000","","5","5","203000000000018910","2017-11-01 12:44:08.627000","","1","500000000000010102","500000000000010004","107000000000062034","0","IBM Auto Sweep from Organisation Bank profile","130","IBM Auto Sweep from Organisation Bank profile","107000000000062034","","50","937421173"<endrec>
"0","203000000000018910","2017-11-01 12:43:56.466000","","5","5","203000000000010806","2017-11-03 08:33:55.565000","","1","500000000000010102","500000000000010004","107000000000062034","0","IBM Auto Sweep from Organisation Bank profile","130","IBM Auto Sweep from Organisation Bank profile","107000000000062034","","50","937421178"<endrec>
"0","203000000000010806","2017-11-03 08:33:41.015000","","5","5","203000000000016350","2017-11-20 07:38:59.240000","","1","500000000000010102","500000000000010004","107000000000062034","0","IBM Auto Sweep from Organisation Bank profile","130","IBM Auto Sweep from Organisation Bank profile","107000000000062034","","50","937422155"<endrec>
"0","203000000000016350","2017-11-20 07:38:34.320000","","5","5","203000000000018910","2017-11-20 10:01:36.520000","","0","500000000000010102","500000000000010004","107000000000062034","0","IBM Auto Sweep from Organisation Bank profile","130","IBM Auto Sweep from Organisation Bank profile","107000000000062034","","50","937430147"<endrec>
"0","203000000000018910","2017-11-20 10:01:21.843000","","5","5","203000000000014912","2017-11-20 11:26:31.133000","","1","500000000000010102","500000000000010004","107000000000062034","0","IBM Auto Sweep from Organisation Bank profile","130","IBM Auto Sweep from Organisation Bank profile","107000000000062034","","50","937430174"<endrec>
"0","203000000000014912","2017-11-20 11:26:08.606000","2017-11-20 17:00:24.000000","5","2","203000000000016350","2017-11-20 12:22:30.630000","","0","500000000000010102","500000000000010004","107000000000062034","1","IBM Auto Sweep from Organisation Bank profile","130","IBM Auto Sweep from Organisation Bank profile","107000000000062034","2017-11-20 11:30:00.000000","50","937430177"<endrec>
"1","203000000000016350","2017-11-20 12:22:12.956000","2017-11-20 17:00:24.000000","5","2","203000000000014912","2017-11-20 12:27:46.458000","","0","500000000000010102","500000000000010004","107000000000062034","1","IBM Auto Sweep from Organisation Bank profile","130","IBM Auto Sweep from Organisation Bank profile","107000000000062034","2017-11-20 11:30:00.000000","50","937430184"<endrec>
"1","203000000000014912","2017-11-20 12:27:29.099000","2017-11-20 18:00:24.000000","5","1","203000000000014912","2017-11-20 12:54:02.393000","","0","500000000000010102","500000000000010004","107000000000062034","1","IBM Auto Sweep from Organisation Bank profile","130","IBM Auto Sweep from Organisation Bank profile","107000000000062034","2017-11-20 12:30:00.000000","50","937430185"<endrec>
"0","203000000000014912","2017-11-20 12:53:48.650000","2017-11-20 18:00:24.000000","5","1","203000000000014912","2017-11-21 05:34:00.775000","","0","500000000000010102","500000000000010004","107000000000062034","1","IBM Auto Sweep from Organisation Bank profile","130","IBM Auto Sweep from Organisation Bank profile","107000000000062034","2017-11-20 12:30:00.000000","50","937430186"<endrec>
"0","203000000000016350","2017-11-20 12:55:21.819000","","","","203000000000010806","2017-11-20 13:43:47.938000","","0","500000000000010102","500000000000010004","107000000000062034","0","IBM Auto Sweep from Organisation Bank profile_Min","138","IBM Auto Sweep from Organisation Bank profile_Min","107000000000062034","","50","937430187"<endrec>
"0","203000000000010806","2017-11-20 13:43:34.849000","","","","203000000000016350","2017-11-21 09:03:02.774000","","1","500000000000010102","500000000000010004","107000000000062034","0","IBM Auto Sweep from Organisation Bank profile_Min","138","IBM Auto Sweep from Organisation Bank profile_Min","107000000000062034","","50","937430193"<endrec>
"0","203000000000014912","2017-11-21 05:33:49.507000","2017-11-21 18:00:24.000000","5","1","203000000000014912","2017-11-21 06:32:08.550000","","0","500000000000010102","500000000000010004","107000000000062034","1","IBM Auto Sweep from Organisation Bank profile","130","IBM Auto Sweep from Organisation Bank profile","107000000000062034","2017-11-21 05:40:00.000000","50","937430200"<endrec>
"1","203000000000014912","2017-11-21 06:31:52.959000","2017-11-21 18:00:24.000000","5","1","203000000000014911","2018-01-25 06:31:49.255000","","0","500000000000010102","500000000000010004","107000000000062034","1","IBM Auto Sweep from Organisation Bank profile","130","IBM Auto Sweep from Organisation Bank profile","107000000000062034","2017-11-21 05:40:00.000000","50","937430202"<endrec>
"0","203000000000016350","2017-11-21 09:01:14.372000","","","","203000000000016350","2017-11-21 09:03:02.781000","","0","500000000000010102","500000000000010004","107000000000062034","0","IBM Auto Sweep from Organisation Bank profile_Min","138","IBM Auto Sweep from Organisation Bank profile_Min","107000000000062034","","30","937430208"<endrec>
"0","203000000000016350","2017-11-21 09:23:04.279000","","","","203000000000016349","2018-06-26 10:53:27.888000","","1","500000000000010102","500000000000010004","107000000000062034","0","IBM Auto Sweep from Organisation Bank profile_Manual","139","IBM Auto Sweep from Organisation Bank profile_Manual","107000000000062034","","50","937430210"<endrec>
"0","203000000000016349","2018-01-24 11:31:07.399000","","","","203000000000016349","2018-01-24 11:31:17.384000","","1","500000000000011602","500000000000010004","107000000000062034","0","Parent or child","132","Parent or child","107000000000062034","","30","937459365"<endrec>
"0","203000000000015423","2018-01-24 11:44:57.774000","","","","203000000000015423","2018-01-24 12:11:27.269000","","1","500000000000010102","500000000000010004","107000000000062034","0","IBM Parent to child profile Manual","125","IBM Parent to child profile Manual","107000000000062034","","50","937459366"<endrec>
"0","203000000000015423","2018-01-24 12:10:53.508000","","","","203000000000015423","2018-01-24 12:36:04.184000","","1","500000000000010102","500000000000010004","107000000000062034","0","IBM Parent to child profile Manual","125","IBM Parent to child profile Manual","107000000000062034","","50","937459367"<endrec>
"0","203000000000015423","2018-01-24 12:35:48.392000","","","","203000000000016349","2018-01-25 13:15:12.978000","","1","500000000000010102","500000000000010004","107000000000062034","0","IBM Parent to child profile Manual","125","IBM Parent to child profile Manual","107000000000062034","","50","937459369"<endrec>
"1","203000000000014911","2018-01-25 06:31:37.079000","","","","203000000000014911","2018-01-25 06:33:40.337000","","0","500000000000010102","500000000000010004","107000000000062034","0","IBM Auto Sweep from Organisation Bank profile","130","IBM Auto Sweep from Organisation Bank profile","107000000000062034","","50","937459372"<endrec>
"1","203000000000014911","2018-01-25 06:33:27.608000","","","","203000000000014911","2018-01-25 06:42:53.891000","","0","500000000000010102","500000000000010004","107000000000062034","0","IBM Auto Sweep from Organisation Bank profile","130","IBM Auto Sweep from Organisation Bank profile","107000000000062034","","50","937459373"<endrec>
"0","203000000000014911","2018-01-25 06:42:42.646000","","","","203000000000014911","2018-01-25 07:19:59.754000","","1","500000000000010102","500000000000010004","107000000000062034","0","IBM Auto Sweep from Organisation Bank profile","130","IBM Auto Sweep from Organisation Bank profile","107000000000062034","","50","937459374"<endrec>
"0","203000000000014911","2018-01-25 07:19:48.100000","","","","203000000000010811","2018-01-25 07:46:02.528000","","1","500000000000010102","500000000000010004","107000000000062034","0","IBM Auto Sweep from Organisation Bank profile","130","IBM Auto Sweep from Organisation Bank profile","107000000000062034","","50","937459377"<endrec>
"0","203000000000010811","2018-01-25 07:45:45.737000","","","","203000000000014911","2018-01-25 08:02:02.903000","","1","500000000000010102","500000000000010004","107000000000062034","0","IBM Auto Sweep from Organisation Bank profile","130","IBM Auto Sweep from Organisation Bank profile","107000000000062034","","50","937459378"<endrec>
"0","203000000000014911","2018-01-25 08:01:49.916000","","","","203000000000026821","2018-06-06 07:14:50.852000","","1","500000000000010102","500000000000010004","107000000000062034","0","IBM Auto Sweep from Organisation Bank profile","130","IBM Auto Sweep from Organisation Bank profile","107000000000062034","","50","937459379"<endrec>
"0","203000000000015728","2018-01-25 08:47:34.178000","","5","3","203000000000014911","2018-12-06 07:15:41.855000","","1","500000000000011602","500000000000010004","107000000000062034","0","IBM Child to Parent profile Manual","127","IBM Child to Parent profile Manual","107000000000062034","","50","937459380"<endrec>
"0","203000000000010806","2018-01-25 09:15:46.633000","","5","1","203000000000016349","2018-01-25 10:17:58.505000","","1","500000000000010102","500000000000010004","107000000000062034","0","IBM Child to Parent profile Trigger Balance","128","IBM Child to Parent profile Trigger Balance","107000000000062034","","50","937459381"<endrec>
"0","203000000000014911","2018-01-25 09:30:39.545000","","5","3","203000000000016350","2018-06-26 07:43:06.599000","","0","500000000000010102","500000000000010004","107000000000062034","1","IBM Parent to child profile Automatic","126","IBM Parent to child profile Automatic","107000000000062034","2018-01-25 00:00:00.000000","50","937459383"<endrec>
"0","203000000000016349","2018-01-25 10:17:47.836000","","5","1","203000000000016349","2018-01-25 10:17:58.517000","","1","500000000000010102","500000000000010004","107000000000062034","0","IBM Child to Parent profile Trigger Balance","128","IBM Child to Parent profile Trigger Balance","107000000000062034","","30","937459385"<endrec>
"0","203000000000016349","2018-01-25 13:15:00.681000","","","","203000000000017402","2018-01-30 06:31:00.334000","","1","500000000000010102","500000000000010004","107000000000062034","0","IBM Parent to child profile Manual","125","IBM Parent to child profile Manual","107000000000062034","","50","937459402"<endrec>
"0","203000000000026821","2018-01-29 12:18:48.584000","","","","203000000000026821","2018-01-29 12:19:17.601000","","0","500000000000011602","500000000000010004","107000000000062034","0","","141","Parent and child","107000000000062034","","30","937460348"<endrec>
"0","203000000000017402","2018-01-30 06:30:32.926000","","","","203000000000017402","2018-01-30 06:54:15.430000","","1","500000000000010102","500000000000010004","107000000000062034","0","IBM Parent to child profile Manual","125","IBM Parent to child profile Manual","107000000000062034","","50","937460357"<endrec>
"0","203000000000016350","2018-06-26 07:42:54.331000","","5","3","203000000000026608","2018-10-29 07:32:41.053000","","0","500000000000010102","500000000000010004","107000000000062034","1","IBM Parent to child profile Automatic","126","IBM Parent to child profile Automatic","107000000000062034","2018-01-25 00:00:00.000000","50","937460360"<endrec>
"0","203000000000017402","2018-01-30 06:53:39.664000","","","","203000000000010806","2018-02-23 07:55:41.438000","","1","500000000000010102","500000000000010004","107000000000062034","0","IBM Parent to child profile Manual","125","IBM Parent to child profile Manual","107000000000062034","","50","937460367"<endrec>
"0","203000000000010806","2018-02-23 07:55:26.428000","","","","203000000000014911","2018-06-22 07:56:31.137000","","1","500000000000010102","500000000000010004","107000000000062034","0","IBM Parent to child profile Manual","125","IBM Parent to child profile Manual","107000000000062034","","50","937462563"<endrec>
"1","203000000000014911","2018-06-05 11:23:36.669000","","5","3","203000000000015728","2018-06-22 09:06:30.999000","","0","500000000000010102","500000000000010004","107000000000062034","1","IBM Parent to child profile Trigger Balance","129","IBM Parent to child profile Manual - 1","107000000000062034","2018-06-05 14:56:49.000000","50","937498799"<endrec>
"0","203000000000026821","2018-06-06 07:13:18.490000","","","","203000000000016349","2018-06-26 11:02:20.388000","","1","500000000000010102","500000000000010004","107000000000062034","0","IBM Auto Sweep from Organisation Bank profile","130","IBM Auto Sweep from Organisation Bank profile","107000000000062034","","50","937498828"<endrec>
"0","203000000000014911","2018-06-22 07:56:18.830000","","","","203000000000015728","2018-06-22 08:56:36.112000","","1","500000000000010102","500000000000010004","107000000000062034","0","IBM Parent to child profile Manual","125","IBM Parent to child profile Manual","107000000000062034","","50","937510228"<endrec>
"0","203000000000015728","2018-06-22 08:55:54.726000","","","","203000000000016350","2018-06-22 09:05:53.002000","","1","500000000000010102","500000000000010004","107000000000062034","0","IBM Parent to child profile Manual","125","IBM Parent to child profile Manual","107000000000062034","","50","937510235"<endrec>
"0","203000000000016350","2018-06-22 09:05:39.884000","","","","203000000000014912","2018-10-30 08:53:41.222000","","1","500000000000010102","500000000000010004","107000000000062034","0","IBM Parent to child profile Manual","125","IBM Parent to child profile Manual","107000000000062034","","50","937510237"<endrec>
"1","203000000000015728","2018-06-22 09:06:01.639000","","5","3","203000000000016349","2018-06-26 07:37:01.261000","","0","500000000000010102","500000000000010004","107000000000062034","1","IBM Parent to child profile Trigger Balance","129","IBM Parent to child profile Manual - 1","107000000000062034","2018-06-05 14:56:49.000000","50","937510238"<endrec>
"1","203000000000016349","2018-06-26 07:36:41.316000","","5","3","203000000000016349","2018-06-26 07:37:01.274000","","0","500000000000010102","500000000000010004","107000000000062034","1","IBM Parent to child profile Trigger Balance","129","IBM Parent to child profile Manual - 1","107000000000062034","2018-06-05 14:56:49.000000","30","937510394"<endrec>
"0","203000000000016349","2018-06-26 10:53:15.302000","","","","203000000000016349","2018-06-26 12:02:28.926000","","1","500000000000010102","500000000000010004","107000000000062034","0","IBM Auto Sweep from Organisation Bank profile_Manual","139","IBM Auto Sweep from Organisation Bank profile_Manual","107000000000062034","","50","937510429"<endrec>
"0","203000000000016349","2018-06-26 11:02:07.177000","","","","203000000000014911","2018-11-21 07:52:01.047000","","1","500000000000010102","500000000000010004","107000000000062034","0","IBM Auto Sweep from Organisation Bank profile","130","IBM Auto Sweep from Organisation Bank profile","107000000000062034","","50","937510433"<endrec>
"0","203000000000016349","2018-06-26 12:02:00.503000","","","","203000000000016349","2018-06-26 12:38:22.781000","","1","500000000000010102","500000000000010004","107000000000062034","0","IBM Auto Sweep from Organisation Bank profile_Manual","139","IBM Auto Sweep from Organisation Bank profile_Manual","107000000000062034","","50","937510440"<endrec>
"1","203000000000016349","2018-06-26 12:38:09.801000","","","","203000000000016349","2018-06-26 12:38:22.789000","","0","500000000000010102","500000000000010004","107000000000062034","0","IBM Auto Sweep from Organisation Bank profile_Manual","139","IBM Auto Sweep from Organisation Bank profile_Manual","107000000000062034","","30","937510447"<endrec>
"0","203000000000026608","2018-10-29 07:32:30.364000","","","","203000000000014911","2018-12-04 06:11:50.050000","","1","500000000000010102","500000000000010004","107000000000062034","0","IBM Parent to child profile Automatic","126","IBM Parent to child profile Automatic","107000000000062034","","50","937539880"<endrec>
"0","203000000000014912","2018-10-30 08:53:29.726000","","","","203000000000014911","2018-10-31 10:23:39.279000","","1","500000000000010102","500000000000010004","107000000000062034","0","IBM Parent to child profile Manual","125","IBM Parent to child profile Manual","107000000000062034","","50","937539895"<endrec>
"0","203000000000014911","2018-10-31 10:23:28.677000","","","","203000000000014911","2018-12-06 11:57:14.151000","","1","500000000000010102","500000000000010004","107000000000062034","0","IBM Parent to child profile Manual","125","IBM Parent to child profile Manual","107000000000062034","","50","937539911"<endrec>
"0","203000000000014911","2018-11-21 07:51:45.748000","","","","203000000000014911","2018-11-21 08:13:49.724000","","1","500000000000010102","500000000000010004","107000000000062034","0","IBM Auto Sweep from Organisation Bank profile","130","IBM Auto Sweep from Organisation Bank profile","107000000000062034","","50","937547762"<endrec>
"0","203000000000014911","2018-11-21 08:13:39.362000","","","","203000000000014911","2018-11-21 11:24:04.138000","","1","500000000000010102","500000000000010004","107000000000062034","0","IBM Auto Sweep from Organisation Bank profile","130","IBM Auto Sweep from Organisation Bank profile","107000000000062034","","50","937547767"<endrec>
"0","203000000000014911","2018-11-21 11:23:54.921000","","","","203000000000014911","2018-11-21 12:20:06.662000","","1","500000000000010102","500000000000010004","107000000000062034","0","IBM Auto Sweep from Organisation Bank profile","130","IBM Auto Sweep from Organisation Bank profile","107000000000062034","","50","937547791"<endrec>
"0","203000000000014911","2018-11-21 12:19:54.534000","","","","203000000000014911","2018-11-21 12:20:06.668000","","1","500000000000010102","500000000000010004","107000000000062034","0","IBM Auto Sweep from Organisation Bank profile","130","IBM Auto Sweep from Organisation Bank profile","107000000000062034","","30","937547803"<endrec>
"0","203000000000014911","2018-12-04 06:11:37.268000","","5","3","203000000000014911","2018-12-04 06:11:50.086000","","0","500000000000010102","500000000000010004","107000000000062034","1","IBM Parent to child profile Automatic","126","IBM Parent to child profile Automatic","107000000000062034","2018-01-25 00:00:00.000000","30","937549797"<endrec>
"0","203000000000014911","2018-12-06 07:15:28.510000","","5","3","203000000000014911","2018-12-06 11:52:45.656000","","1","500000000000011602","500000000000010004","107000000000062034","0","IBM Child to Parent profile Manual","127","IBM Child to Parent profile Manual","107000000000062034","","50","937551753"<endrec>
"0","203000000000014911","2018-12-06 11:52:37.299000","","5","3","203000000000031306","2019-01-01 11:15:11.027000","","1","500000000000011602","500000000000010004","107000000000062034","0","IBM Child to Parent profile Manual","127","IBM Child to Parent profile Manual","107000000000062034","","50","937551780"<endrec>
"0","203000000000014911","2018-12-06 11:57:00.348000","","","","203000000000014911","2018-12-06 12:45:35.744000","","1","500000000000010102","500000000000010004","107000000000062034","0","IBM Parent to child profile Manual","125","IBM Parent to child profile Manual","107000000000062034","","50","937551781"<endrec>
"0","203000000000014911","2018-12-06 12:45:23.388000","","","","203000000000014912","2019-10-01 08:25:56.612000","","1","500000000000010102","500000000000010004","107000000000062034","0","IBM Parent to child profile Manual","125","IBM Parent to child profile Manual","107000000000062034","","50","937551786"<endrec>
"1","203000000000012704","2018-12-26 14:17:43.221000","","1","1","203000000000016349","2018-12-27 12:59:30.927000","","1","500000000000010102","500000000000010004","107000000000031032","1","M-Shwari Settlement","119","M-Shwari Settlement","107000000000031032","2018-12-26 18:48:50.000000","50","937565735"<endrec>
"1","203000000000016349","2018-12-27 12:59:21.661000","","1","1","203000000000016349","2018-12-27 12:59:30.943000","","1","500000000000010102","500000000000010004","107000000000031032","1","M-Shwari Settlement","119","M-Shwari Settlement","107000000000031032","2018-12-26 18:48:50.000000","30","937566752"<endrec>
"0","203000000000031306","2019-01-01 11:14:55.452000","","5","3","203000000000031306","2019-01-01 11:15:11.035000","","1","500000000000011602","500000000000010004","107000000000062034","0","IBM Child to Parent profile Manual","127","IBM Child to Parent profile Manual","107000000000062034","","30","937566782"<endrec>
"0","203000000000014912","2019-10-01 08:24:40.989000","","","","203000000000014912","2019-10-01 08:25:56.620000","","1","500000000000010102","500000000000010004","107000000000062034","0","IBM Parent to child profile Manual","125","IBM Parent to child profile Manual","107000000000062034","","30","937664869"<endrec>
