IS_DEFAULT,LOAD_DATA_TS,MAX_NUM_ALLOWED,MIN_NUM_REQUIRED,PRODUCT_UNIQUE_ID,ROLE_ID                                                                                                                                                                                                                                                                                                                                                                                                                                                                                                                                                                                                                                                                                                                                                                                                                                                                                                                                                      <endrec>
"1","","10","1","937192532","500000000000011802"<endrec>
"1","","10","1","937198561","500000000000011802"<endrec>
"1","","10","1","937198587","500000000000011802"<endrec>
"0","","20","0","937198587","500000000000011803"<endrec>
"0","","10","2","937198587","500000000000011902"<endrec>
"1","","10","1","937199551","500000000000011802"<endrec>
"0","","20","0","937199551","500000000000011803"<endrec>
"0","","10","2","937199551","500000000000011902"<endrec>
"1","","10","1","937201530","500000000000011802"<endrec>
"0","","20","0","937201530","500000000000011803"<endrec>
"0","","10","2","937201530","500000000000011902"<endrec>
"1","","10","1","937203546","500000000000011802"<endrec>
"0","","20","0","937203546","500000000000011803"<endrec>
"0","","10","2","937203546","500000000000011902"<endrec>
"1","","10","1","937205566","500000000000011802"<endrec>
"0","","20","0","937205566","500000000000011803"<endrec>
"0","","10","2","937205566","500000000000011902"<endrec>
"1","","10","1","937205567","500000000000011802"<endrec>
"0","","20","0","937205567","500000000000011803"<endrec>
"0","","10","2","937205567","500000000000011902"<endrec>
"1","","10","1","937205607","500000000000011802"<endrec>
"1","","20","1","937205607","500000000000011803"<endrec>
"0","","10","2","937205607","500000000000011902"<endrec>
"1","","10","1","937205608","500000000000011802"<endrec>
"0","","20","4","937205608","500000000000011803"<endrec>
"0","","10","2","937205608","500000000000011902"<endrec>
"1","","10","1","937205609","500000000000011802"<endrec>
"0","","20","4","937205609","500000000000011803"<endrec>
"0","","2","2","937205609","500000000000011902"<endrec>
"1","","10","1","937205610","500000000000011802"<endrec>
"0","","2","0","937205610","500000000000011803"<endrec>
"0","","2","2","937205610","500000000000011902"<endrec>
"1","","10","1","937205611","500000000000011802"<endrec>
"0","","1","0","937205611","500000000000011803"<endrec>
"0","","2","2","937205611","500000000000011902"<endrec>
"1","","10","1","937205612","500000000000011802"<endrec>
"0","","20","0","937205612","500000000000011803"<endrec>
"0","","20","2","937205612","500000000000011902"<endrec>
"1","","10","1","937205620","500000000000011802"<endrec>
"0","","20","0","937205620","500000000000011803"<endrec>
"0","","20","2","937205620","500000000000011902"<endrec>
"1","","10","1","937205621","500000000000011802"<endrec>
"0","","20","0","937205621","500000000000011803"<endrec>
"0","","10","2","937205621","500000000000011902"<endrec>
"1","","10","1","937205633","500000000000011802"<endrec>
"0","","20","0","937205633","500000000000011803"<endrec>
"0","","20","2","937205633","500000000000011902"<endrec>
"1","","10","1","937205635","500000000000011802"<endrec>
"0","","20","0","937205635","500000000000011803"<endrec>
"0","","10","2","937205635","500000000000011902"<endrec>
"1","","10","1","937205662","500000000000011802"<endrec>
"0","","20","0","937205662","500000000000011803"<endrec>
"0","","20","2","937205662","500000000000011902"<endrec>
"1","","10","1","937205663","500000000000011802"<endrec>
"0","","20","0","937205663","500000000000011803"<endrec>
"0","","10","2","937205663","500000000000011902"<endrec>
"1","","10","1","937205705","500000000000011802"<endrec>
"0","","20","0","937205705","500000000000011803"<endrec>
"0","","20","2","937205705","500000000000011902"<endrec>
"1","","10","1","937210650","500000000000011802"<endrec>
"0","","1","0","937210650","500000000000011803"<endrec>
"0","","20","2","937210650","500000000000011902"<endrec>
"1","","10","1","937210651","500000000000011802"<endrec>
"0","","20","0","937210651","500000000000011803"<endrec>
"0","","20","2","937210651","500000000000011902"<endrec>
"1","","10","1","937210652","500000000000011802"<endrec>
"0","","20","2","937210652","500000000000011902"<endrec>
"1","","10","1","937210653","500000000000011802"<endrec>
"0","","20","2","937210653","500000000000011902"<endrec>
"1","","10","1","937210687","500000000000011802"<endrec>
"0","","20","0","937210687","500000000000011803"<endrec>
"0","","10","2","937210687","500000000000011902"<endrec>
"1","","10","1","937210688","500000000000011802"<endrec>
"0","","20","0","937210688","500000000000011803"<endrec>
"0","","20","2","937210688","500000000000011902"<endrec>
"1","","10","1","937210705","500000000000011802"<endrec>
"0","","20","0","937210705","500000000000011803"<endrec>
"0","","20","2","937210705","500000000000011902"<endrec>
"1","","10","1","937210706","500000000000011802"<endrec>
"0","","20","0","937210706","500000000000011803"<endrec>
"0","","10","2","937210706","500000000000011902"<endrec>
"1","","10","2","937210752","500000000000011902"<endrec>
"1","","10","1","937210778","500000000000011802"<endrec>
"0","","20","0","937210778","500000000000011803"<endrec>
"0","","20","2","937210778","500000000000011902"<endrec>
"1","","10","1","937210790","500000000000011802"<endrec>
"0","","20","0","937210790","500000000000011803"<endrec>
"0","","20","2","937210790","500000000000011902"<endrec>
"1","","10","1","937213619","500000000000011802"<endrec>
"0","","20","0","937213619","500000000000011803"<endrec>
"0","","20","2","937213619","500000000000011902"<endrec>
"1","","10","1","937215543","500000000000011802"<endrec>
"0","","20","0","937215543","500000000000011803"<endrec>
"0","","20","2","937215543","500000000000011902"<endrec>
"1","","10","1","937215583","500000000000011802"<endrec>
"0","","20","0","937215583","500000000000011803"<endrec>
"0","","10","2","937215583","500000000000011902"<endrec>
"1","","10","1","937215603","500000000000011802"<endrec>
"0","","20","0","937215603","500000000000011803"<endrec>
"0","","20","2","937215603","500000000000011902"<endrec>
"1","","10","1","937215604","500000000000011802"<endrec>
"0","","20","0","937215604","500000000000011803"<endrec>
"0","","10","2","937215604","500000000000011902"<endrec>
"1","","10","1","937215663","500000000000011802"<endrec>
"0","","20","0","937215663","500000000000011803"<endrec>
"0","","10","2","937215663","500000000000011902"<endrec>
"1","","10","1","937215664","500000000000011802"<endrec>
"0","","20","0","937215664","500000000000011803"<endrec>
"0","","10","2","937215664","500000000000011902"<endrec>
"1","","10","1","937215682","500000000000011802"<endrec>
"0","","20","0","937215682","500000000000011803"<endrec>
"0","","10","2","937215682","500000000000011902"<endrec>
"1","","10","1","937215683","500000000000011802"<endrec>
"0","","20","0","937215683","500000000000011803"<endrec>
"0","","10","2","937215683","500000000000011902"<endrec>
"1","","10","1","937216655","500000000000011802"<endrec>
"0","","20","0","937216655","500000000000011803"<endrec>
"0","","20","1","937216655","500000000000011902"<endrec>
"1","","2","1","937217546","500000000000011802"<endrec>
"0","","20","0","937217546","500000000000011803"<endrec>
"0","","20","1","937217546","500000000000011902"<endrec>
"1","","2","1","937217555","500000000000011802"<endrec>
"1","","2","1","937217556","500000000000011802"<endrec>
"0","","10","0","937217556","500000000000011803"<endrec>
"0","","2","0","937217556","500000000000011902"<endrec>
"1","","10","1","937217557","500000000000011802"<endrec>
"0","","20","0","937217557","500000000000011803"<endrec>
"0","","10","0","937217557","500000000000011902"<endrec>
"1","","10","1","937217559","500000000000011902"<endrec>
"1","","2","1","937217622","500000000000011802"<endrec>
"0","","10","0","937217622","500000000000011803"<endrec>
"0","","2","0","937217622","500000000000011902"<endrec>
"1","","10","1","937218558","500000000000011802"<endrec>
"0","","20","0","937218558","500000000000011803"<endrec>
"0","","10","0","937218558","500000000000011902"<endrec>
"1","","2","1","937218630","500000000000011802"<endrec>
"0","","10","0","937218630","500000000000011803"<endrec>
"0","","2","0","937218630","500000000000011902"<endrec>
"1","","2","1","937218681","500000000000011802"<endrec>
"0","","10","0","937218681","500000000000011803"<endrec>
"0","","2","0","937218681","500000000000011902"<endrec>
"1","","10","1","937218682","500000000000011802"<endrec>
"0","","20","0","937218682","500000000000011803"<endrec>
"0","","10","0","937218682","500000000000011902"<endrec>
"1","","2","1","937218817","500000000000011802"<endrec>
"0","","10","0","937218817","500000000000011803"<endrec>
"1","","10","1","937218817","500000000000011902"<endrec>
"1","","10","1","937218818","500000000000011802"<endrec>
"0","","20","0","937218818","500000000000011803"<endrec>
"1","","10","1","937218818","500000000000011902"<endrec>
"1","","2","1","937218843","500000000000011802"<endrec>
"0","","10","0","937218843","500000000000011803"<endrec>
"1","","10","1","937218843","500000000000011902"<endrec>
"1","","10","1","937218844","500000000000011802"<endrec>
"0","","20","0","937218844","500000000000011803"<endrec>
"1","","10","1","937218844","500000000000011902"<endrec>
"1","","2","1","937219113","500000000000011802"<endrec>
"0","","10","0","937219113","500000000000011803"<endrec>
"1","","10","1","937219113","500000000000011902"<endrec>
"1","","10","1","937219114","500000000000011802"<endrec>
"0","","20","0","937219114","500000000000011803"<endrec>
"1","","10","1","937219114","500000000000011902"<endrec>
"1","","2","1","937219400","500000000000011802"<endrec>
"0","","10","0","937219400","500000000000011803"<endrec>
"1","","10","1","937219400","500000000000011902"<endrec>
"1","","10","1","937219401","500000000000011802"<endrec>
"0","","20","0","937219401","500000000000011803"<endrec>
"1","","10","1","937219401","500000000000011902"<endrec>
"1","","2","1","937219408","500000000000011802"<endrec>
"0","","10","0","937219408","500000000000011803"<endrec>
"1","","10","1","937219408","500000000000011902"<endrec>
"1","","10","1","937219410","500000000000011802"<endrec>
"0","","20","0","937219410","500000000000011803"<endrec>
"1","","10","1","937219410","500000000000011902"<endrec>
"1","","3","2","937227541","500000000000012302"<endrec>
"1","","3","2","937227542","500000000000012302"<endrec>
"1","","50","1","937227611","500000000000011902"<endrec>
"1","","2","1","937229623","500000000000011802"<endrec>
"0","","10","0","937229623","500000000000011803"<endrec>
"1","","10","1","937229623","500000000000011902"<endrec>
"1","","50","1","937229668","500000000000011902"<endrec>
"1","","2","1","937230549","500000000000011802"<endrec>
"0","","10","0","937230549","500000000000011803"<endrec>
"1","","10","1","937230549","500000000000011902"<endrec>
"1","","10","1","937230550","500000000000011802"<endrec>
"0","","20","0","937230550","500000000000011803"<endrec>
"1","","10","1","937230550","500000000000011902"<endrec>
"1","","2","1","937230578","500000000000011802"<endrec>
"0","","10","0","937230578","500000000000011803"<endrec>
"1","","10","0","937230578","500000000000011902"<endrec>
"1","","2","1","937230579","500000000000011802"<endrec>
"0","","10","0","937230579","500000000000011803"<endrec>
"1","","10","1","937230579","500000000000011902"<endrec>
"1","","2","1","937230580","500000000000011802"<endrec>
"0","","10","0","937230580","500000000000011803"<endrec>
"0","","10","0","937230580","500000000000011902"<endrec>
"1","","2","1","937230636","500000000000011802"<endrec>
"0","","10","0","937230636","500000000000011803"<endrec>
"0","","10","0","937230636","500000000000011902"<endrec>
"1","","10","1","937230637","500000000000011802"<endrec>
"0","","20","0","937230637","500000000000011803"<endrec>
"1","","10","1","937230637","500000000000011902"<endrec>
"1","","2","1","937230638","500000000000011802"<endrec>
"0","","10","0","937230638","500000000000011803"<endrec>
"0","","10","0","937230638","500000000000011902"<endrec>
"1","","50","1","937231549","500000000000011902"<endrec>
"1","","20","2","937244701","500000000000011902"<endrec>
"1","","10","1","937264707","500000000000011802"<endrec>
"0","","20","1","937264707","500000000000011902"<endrec>
"1","","2","1","937276820","500000000000011802"<endrec>
"0","","10","2","937276820","500000000000011803"<endrec>
"0","","10","1","937276820","500000000000011902"<endrec>
"1","","2","1","937276825","500000000000011802"<endrec>
"0","","10","3","937276825","500000000000011803"<endrec>
"0","","10","1","937276825","500000000000011902"<endrec>
"1","","2","1","937276827","500000000000011802"<endrec>
"0","","10","1","937276827","500000000000011803"<endrec>
"0","","10","1","937276827","500000000000011902"<endrec>
"1","","2","1","937279848","500000000000011802"<endrec>
"0","","10","1","937279848","500000000000011803"<endrec>
"1","","10","1","937280833","500000000000011802"<endrec>
"0","","5","1","937294820","500000000000011802"<endrec>
"1","","5","1","937294820","500000000000011902"<endrec>
"1","","2","1","937294821","500000000000011802"<endrec>
"0","","10","0","937294821","500000000000011803"<endrec>
"1","","2","1","937294822","500000000000011802"<endrec>
"0","","10","0","937294822","500000000000011803"<endrec>
"1","","10","1","937294823","500000000000011802"<endrec>
"0","","10","1","937294823","500000000000011902"<endrec>
"1","","2","1","937298836","500000000000011802"<endrec>
"0","","10","0","937298836","500000000000011803"<endrec>
"1","","10","1","937308867","500000000000011802"<endrec>
"0","","10","0","937308867","500000000000011803"<endrec>
"0","","10","1","937308867","500000000000011902"<endrec>
"1","","2","1","937309869","500000000000011802"<endrec>
"0","","10","0","937309869","500000000000011803"<endrec>
"1","","2","1","937319872","500000000000011802"<endrec>
"0","","10","0","937319872","500000000000011803"<endrec>
"1","","2","1","937326874","500000000000011802"<endrec>
"0","","10","0","937326874","500000000000011803"<endrec>
"1","","10","1","937327883","500000000000011802"<endrec>
"0","","10","1","937327883","500000000000011803"<endrec>
"0","","10","0","937327883","500000000000011902"<endrec>
"1","","10","1","937327884","500000000000011802"<endrec>
"0","","10","1","937327884","500000000000011803"<endrec>
"1","","10","0","937327884","500000000000011902"<endrec>
"1","","10","1","937327924","500000000000011802"<endrec>
"0","","10","1","937327924","500000000000011902"<endrec>
"1","","2","1","937329936","500000000000011802"<endrec>
"0","","10","0","937329936","500000000000011803"<endrec>
"1","","1","1","937329936","500000000000011902"<endrec>
"1","","10","1","937340903","500000000000011802"<endrec>
"0","","10","1","937340903","500000000000011902"<endrec>
"1","","5","1","937340954","500000000000011802"<endrec>
"0","","10","0","937340954","500000000000011803"<endrec>
"1","","5","1","937340954","500000000000011902"<endrec>
"1","","5","1","937341008","500000000000011802"<endrec>
"0","","10","0","937341008","500000000000011803"<endrec>
"1","","5","0","937341008","500000000000011902"<endrec>
"1","","5","1","937351925","500000000000011802"<endrec>
"0","","10","0","937351925","500000000000011803"<endrec>
"0","","5","0","937351925","500000000000011902"<endrec>
"1","","10","1","937351959","500000000000011802"<endrec>
"0","","10","1","937351959","500000000000011803"<endrec>
"0","","10","1","937351959","500000000000011902"<endrec>
"1","","10","1","937356994","500000000000011802"<endrec>
"0","","20","1","937356994","500000000000011902"<endrec>
"1","","10","1","937359061","500000000000011802"<endrec>
"0","","10","1","937359061","500000000000011902"<endrec>
"1","","10","1","937359062","500000000000011802"<endrec>
"0","","10","1","937359062","500000000000011902"<endrec>
"1","","5","1","937364008","500000000000011802"<endrec>
"0","","10","0","937364008","500000000000011803"<endrec>
"0","","5","0","937364008","500000000000011902"<endrec>
"1","","10","1","937366342","500000000000011802"<endrec>
"0","","10","1","937366342","500000000000011902"<endrec>
"1","","10","1","937368431","500000000000011802"<endrec>
"0","","10","1","937368431","500000000000011902"<endrec>
"1","","5","1","937369424","500000000000011802"<endrec>
"0","","10","0","937369424","500000000000011803"<endrec>
"0","","5","0","937369424","500000000000011902"<endrec>
"1","","10","1","937371488","500000000000011802"<endrec>
"0","","10","1","937371488","500000000000011902"<endrec>
"1","","10","1","937371523","500000000000011802"<endrec>
"0","","10","1","937371523","500000000000011902"<endrec>
"1","","10","1","937371644","500000000000011802"<endrec>
"0","","10","1","937371644","500000000000011902"<endrec>
"1","","10","1","937374465","500000000000011802"<endrec>
"0","","10","1","937374465","500000000000011902"<endrec>
"1","","10","1","937376558","500000000000011802"<endrec>
"0","","10","1","937376558","500000000000011902"<endrec>
"1","","5","1","937376584","500000000000011802"<endrec>
"0","","10","0","937376584","500000000000011803"<endrec>
"0","","5","0","937376584","500000000000011902"<endrec>
"1","","5","2","937377456","500000000000011802"<endrec>
"0","","10","0","937377456","500000000000011803"<endrec>
"0","","5","0","937377456","500000000000011902"<endrec>
"1","","5","1","937377466","500000000000011802"<endrec>
"0","","10","0","937377466","500000000000011803"<endrec>
"0","","5","0","937377466","500000000000011902"<endrec>
"1","","5","1","937377483","500000000000011802"<endrec>
"0","","10","0","937377483","500000000000011803"<endrec>
"0","","5","1","937377483","500000000000011902"<endrec>
"1","","5","1","937377509","500000000000011802"<endrec>
"0","","10","0","937377509","500000000000011803"<endrec>
"0","","5","1","937377509","500000000000011902"<endrec>
"1","","5","1","937377529","500000000000011802"<endrec>
"0","","10","0","937377529","500000000000011803"<endrec>
"0","","5","0","937377529","500000000000011902"<endrec>
"1","","10","1","937379505","500000000000011802"<endrec>
"0","","10","0","937379505","500000000000011803"<endrec>
"0","","10","0","937379505","500000000000011902"<endrec>
"1","","5","1","937380492","500000000000011802"<endrec>
"0","","10","0","937380492","500000000000011803"<endrec>
"0","","5","2","937380492","500000000000011902"<endrec>
"1","","5","1","937380536","500000000000011802"<endrec>
"0","","10","0","937380536","500000000000011803"<endrec>
"0","","5","2","937380536","500000000000011902"<endrec>
"1","","5","1","937380549","500000000000011802"<endrec>
"0","","10","0","937380549","500000000000011803"<endrec>
"0","","5","2","937380549","500000000000011902"<endrec>
"1","","10","1","937380550","500000000000011802"<endrec>
"0","","20","1","937380550","500000000000011902"<endrec>
"1","","10","1","937381566","500000000000011802"<endrec>
"0","","10","0","937381566","500000000000011803"<endrec>
"0","","10","0","937381566","500000000000011902"<endrec>
"1","","10","1","937392591","500000000000011802"<endrec>
"0","","20","1","937392591","500000000000011902"<endrec>
"1","","10","1","937392601","500000000000011802"<endrec>
"0","","20","1","937392601","500000000000011902"<endrec>
"1","","1","1","937392666","500000000000011802"<endrec>
"0","","1","0","937392666","500000000000011803"<endrec>
"0","","1","1","937392666","500000000000011902"<endrec>
"1","","5","1","937392667","500000000000011802"<endrec>
"0","","10","0","937392667","500000000000011803"<endrec>
"0","","5","2","937392667","500000000000011902"<endrec>
"1","","5","1","937392669","500000000000011802"<endrec>
"0","","10","0","937392669","500000000000011803"<endrec>
"0","","5","1","937392669","500000000000011902"<endrec>
"1","","5","1","937392685","500000000000011802"<endrec>
"0","","10","0","937392685","500000000000011803"<endrec>
"0","","5","1","937392685","500000000000011902"<endrec>
"1","","5","1","937392686","500000000000011802"<endrec>
"0","","10","0","937392686","500000000000011803"<endrec>
"0","","5","1","937392686","500000000000011902"<endrec>
"1","","5","1","937392691","500000000000011802"<endrec>
"0","","10","0","937392691","500000000000011803"<endrec>
"0","","5","0","937392691","500000000000011902"<endrec>
"1","","1","0","937392695","500000000000011802"<endrec>
"0","","1","0","937392695","500000000000011803"<endrec>
"0","","1","0","937392695","500000000000011902"<endrec>
"1","","1","1","937392696","500000000000011802"<endrec>
"0","","1","1","937392696","500000000000011803"<endrec>
"0","","1","1","937392696","500000000000011902"<endrec>
"1","","1","1","937392725","500000000000011802"<endrec>
"1","","1","1","937392725","500000000000011803"<endrec>
"1","","1","1","937392725","500000000000011902"<endrec>
"1","","1","1","937392748","500000000000011802"<endrec>
"1","","1","0","937392748","500000000000011803"<endrec>
"1","","1","0","937392748","500000000000011902"<endrec>
"1","","5","1","937392749","500000000000011802"<endrec>
"1","","5","0","937392749","500000000000011803"<endrec>
"1","","5","0","937392749","500000000000011902"<endrec>
"1","","10","1","937400929","500000000000011802"<endrec>
"0","","10","0","937400929","500000000000011803"<endrec>
"0","","10","0","937400929","500000000000011902"<endrec>
"1","","10","1","937403956","500000000000011802"<endrec>
"0","","20","1","937403956","500000000000011902"<endrec>
"1","","5","1","937406009","500000000000011802"<endrec>
"1","","5","0","937406009","500000000000011803"<endrec>
"0","","5","1","937406009","500000000000011902"<endrec>
"1","","10","1","937407030","500000000000011802"<endrec>
"0","","10","1","937407030","500000000000011902"<endrec>
"1","","5","1","937415092","500000000000011802"<endrec>
"1","","5","0","937415092","500000000000011803"<endrec>
"0","","5","2","937415092","500000000000011902"<endrec>
"1","","10","1","937415105","500000000000011802"<endrec>
"0","","20","1","937415105","500000000000011902"<endrec>
"1","","5","1","937415197","500000000000011802"<endrec>
"1","","5","0","937415197","500000000000011803"<endrec>
"1","","5","1","937415198","500000000000011802"<endrec>
"1","","5","0","937415198","500000000000011803"<endrec>
"1","","5","1","937415207","500000000000011802"<endrec>
"1","","5","0","937415207","500000000000011803"<endrec>
"0","","5","0","937415207","500000000000011902"<endrec>
"1","","10","1","937417069","500000000000011902"<endrec>
"0","","3","0","937417070","500000000000011802"<endrec>
"0","","3","0","937417070","500000000000011803"<endrec>
"1","","10","1","937417070","500000000000011902"<endrec>
"1","","5","1","937417073","500000000000011802"<endrec>
"1","","5","0","937417073","500000000000011803"<endrec>
"0","","5","2","937417073","500000000000011902"<endrec>
"1","","5","1","937417186","500000000000011802"<endrec>
"1","","5","0","937417186","500000000000011803"<endrec>
"0","","5","1","937417186","500000000000011902"<endrec>
"1","","3","1","937418193","500000000000012302"<endrec>
"1","","5","1","937418196","500000000000011802"<endrec>
"1","","5","0","937418196","500000000000011803"<endrec>
"0","","5","0","937418196","500000000000011902"<endrec>
"1","","5","1","937419089","500000000000011802"<endrec>
"1","","5","0","937419089","500000000000011803"<endrec>
"0","","5","0","937419089","500000000000011902"<endrec>
"1","","5","1","937419117","500000000000011802"<endrec>
"1","","5","0","937419117","500000000000011803"<endrec>
"0","","5","0","937419117","500000000000011902"<endrec>
"1","","5","1","937420145","500000000000011802"<endrec>
"1","","5","0","937420145","500000000000011803"<endrec>
"0","","5","0","937420145","500000000000011902"<endrec>
"1","","5","1","937420162","500000000000011802"<endrec>
"1","","5","0","937420162","500000000000011803"<endrec>
"0","","5","0","937420162","500000000000011902"<endrec>
"1","","5","1","937420163","500000000000011802"<endrec>
"1","","5","0","937420163","500000000000011803"<endrec>
"0","","5","0","937420163","500000000000011902"<endrec>
"1","","5","1","937420166","500000000000011802"<endrec>
"0","","5","0","937420166","500000000000011803"<endrec>
"0","","5","1","937420166","500000000000011902"<endrec>
"0","","5","1","937420167","500000000000011802"<endrec>
"0","","5","2","937420167","500000000000011803"<endrec>
"1","","5","2","937420167","500000000000011902"<endrec>
"0","","5","1","937420169","500000000000011802"<endrec>
"0","","5","0","937420169","500000000000011803"<endrec>
"1","","5","0","937420169","500000000000011902"<endrec>
"0","","5","1","937421170","500000000000011802"<endrec>
"0","","5","0","937421170","500000000000011803"<endrec>
"1","","5","2","937421170","500000000000011902"<endrec>
"0","","5","1","937421171","500000000000011802"<endrec>
"0","","5","0","937421171","500000000000011803"<endrec>
"1","","5","2","937421171","500000000000011902"<endrec>
"1","","5","1","937421175","500000000000011802"<endrec>
"0","","5","0","937421175","500000000000011803"<endrec>
"1","","5","1","937421175","500000000000011902"<endrec>
"1","","5","1","937422142","500000000000011802"<endrec>
"0","","5","0","937422142","500000000000011803"<endrec>
"1","","5","1","937422142","500000000000011902"<endrec>
"1","","5","1","937423226","500000000000011802"<endrec>
"0","","5","0","937423226","500000000000011803"<endrec>
"1","","5","1","937423226","500000000000011902"<endrec>
"1","","10","1","937428152","500000000000011802"<endrec>
"0","","10","1","937428152","500000000000011902"<endrec>
"1","","5","1","937428241","500000000000011802"<endrec>
"0","","5","0","937428241","500000000000011803"<endrec>
"1","","5","1","937430227","500000000000011802"<endrec>
"0","","5","0","937430227","500000000000011803"<endrec>
"1","","5","1","937430234","500000000000011802"<endrec>
"0","","5","0","937430234","500000000000011803"<endrec>
"0","","5","2","937430234","500000000000011902"<endrec>
"1","","5","1","937430267","500000000000011802"<endrec>
"0","","5","0","937430267","500000000000011803"<endrec>
"0","","5","2","937430267","500000000000011902"<endrec>
"1","","1","1","937432162","500000000000011802"<endrec>
"0","","2","0","937432162","500000000000011803"<endrec>
"0","","5","2","937432162","500000000000011902"<endrec>
"1","","1","1","937432164","500000000000011802"<endrec>
"0","","1","0","937432164","500000000000011803"<endrec>
"0","","1","1","937432164","500000000000011902"<endrec>
"1","","2","1","937432167","500000000000011802"<endrec>
"0","","5","2","937432167","500000000000011803"<endrec>
"0","","5","1","937432167","500000000000011902"<endrec>
"1","","5","1","937433223","500000000000011802"<endrec>
"0","","5","0","937433223","500000000000011803"<endrec>
"0","","5","1","937433223","500000000000011902"<endrec>
"1","","2","1","937436168","500000000000011802"<endrec>
"0","","1","1","937436168","500000000000011803"<endrec>
"0","","5","1","937436168","500000000000011902"<endrec>
"1","","50","1","937436172","500000000000011902"<endrec>
"1","","50","1","937436176","500000000000011902"<endrec>
"1","","2","1","937437139","500000000000011802"<endrec>
"0","","1","1","937437139","500000000000011803"<endrec>
"0","","5","1","937437139","500000000000011902"<endrec>
"1","","2","1","937442230","500000000000011802"<endrec>
"0","","1","0","937442230","500000000000011803"<endrec>
"0","","5","0","937442230","500000000000011902"<endrec>
"1","","10","1","937443296","500000000000011802"<endrec>
"0","","10","1","937443296","500000000000011902"<endrec>
"1","","2","1","937447226","500000000000011802"<endrec>
"0","","1","1","937447226","500000000000011803"<endrec>
"0","","5","0","937447226","500000000000011902"<endrec>
"1","","2","1","937447229","500000000000011802"<endrec>
"0","","1","0","937447229","500000000000011803"<endrec>
"0","","5","0","937447229","500000000000011902"<endrec>
"1","","2","1","937447230","500000000000011802"<endrec>
"0","","1","1","937447230","500000000000011803"<endrec>
"0","","5","1","937447230","500000000000011902"<endrec>
"1","","2","1","937447231","500000000000011802"<endrec>
"0","","1","1","937447231","500000000000011803"<endrec>
"0","","5","1","937447231","500000000000011902"<endrec>
"1","","2","1","937447233","500000000000011802"<endrec>
"0","","2","1","937447233","500000000000011803"<endrec>
"0","","5","1","937447233","500000000000011902"<endrec>
"1","","2","1","937447234","500000000000011802"<endrec>
"0","","1","0","937447234","500000000000011803"<endrec>
"0","","5","0","937447234","500000000000011902"<endrec>
"1","","2","1","937448274","500000000000011802"<endrec>
"0","","1","0","937448274","500000000000011803"<endrec>
"0","","5","0","937448274","500000000000011902"<endrec>
"1","","2","1","937448276","500000000000011802"<endrec>
"0","","1","0","937448276","500000000000011803"<endrec>
"0","","5","0","937448276","500000000000011902"<endrec>
"1","","2","1","937448307","500000000000011802"<endrec>
"0","","1","0","937448307","500000000000011803"<endrec>
"0","","5","2","937448307","500000000000011902"<endrec>
"1","","2","1","937448317","500000000000011802"<endrec>
"0","","1","0","937448317","500000000000011803"<endrec>
"0","","5","2","937448317","500000000000011902"<endrec>
"1","","2","1","937449252","500000000000011802"<endrec>
"0","","1","0","937449252","500000000000011803"<endrec>
"0","","5","0","937449252","500000000000011902"<endrec>
"1","","5","1","937451259","500000000000011802"<endrec>
"0","","5","0","937451259","500000000000011803"<endrec>
"0","","5","1","937451259","500000000000011902"<endrec>
"1","","2","1","937451282","500000000000011802"<endrec>
"0","","3","0","937451282","500000000000011803"<endrec>
"0","","5","0","937451282","500000000000011902"<endrec>
"1","","2","1","937453304","500000000000011802"<endrec>
"0","","3","1","937453304","500000000000011803"<endrec>
"0","","5","0","937453304","500000000000011902"<endrec>
"1","","2","1","937459312","500000000000011802"<endrec>
"0","","3","1","937459312","500000000000011803"<endrec>
"0","","5","2","937459312","500000000000011902"<endrec>
"1","","2","1","937459314","500000000000011802"<endrec>
"0","","3","1","937459314","500000000000011803"<endrec>
"0","","5","1","937459314","500000000000011902"<endrec>
"1","","2","1","937459321","500000000000011802"<endrec>
"0","","3","1","937459321","500000000000011803"<endrec>
"0","","5","2","937459321","500000000000011902"<endrec>
"1","","2","1","937459348","500000000000011802"<endrec>
"0","","3","1","937459348","500000000000011803"<endrec>
"0","","5","2","937459348","500000000000011902"<endrec>
"1","","10","1","937459431","500000000000011802"<endrec>
"0","","10","0","937459431","500000000000011803"<endrec>
"0","","10","1","937459431","500000000000011902"<endrec>
"1","","2","1","937460359","500000000000011802"<endrec>
"1","","2","1","937460369","500000000000011802"<endrec>
"0","","3","1","937460369","500000000000011803"<endrec>
"0","","5","2","937460369","500000000000011902"<endrec>
"1","","2","1","937460408","500000000000011802"<endrec>
"0","","3","1","937460408","500000000000011803"<endrec>
"0","","5","2","937460408","500000000000011902"<endrec>
"1","","2","1","937460420","500000000000011802"<endrec>
"0","","3","1","937460420","500000000000011803"<endrec>
"0","","5","2","937460420","500000000000011902"<endrec>
"1","","2","1","937461458","500000000000011802"<endrec>
"0","","3","1","937461458","500000000000011803"<endrec>
"0","","5","2","937461458","500000000000011902"<endrec>
"1","","2","1","937461476","500000000000011802"<endrec>
"0","","3","0","937461476","500000000000011803"<endrec>
"0","","5","0","937461476","500000000000011902"<endrec>
"0","","10","10","937461484","500000000000011802"<endrec>
"0","","10","10","937461484","500000000000011803"<endrec>
"1","","10","10","937461484","500000000000011902"<endrec>
"1","","2","1","937461499","500000000000011802"<endrec>
"0","","3","0","937461499","500000000000011803"<endrec>
"0","","5","0","937461499","500000000000011902"<endrec>
"1","","2","1","937461509","500000000000011802"<endrec>
"0","","3","0","937461509","500000000000011803"<endrec>
"0","","5","0","937461509","500000000000011902"<endrec>
"1","","2","1","937462443","500000000000011802"<endrec>
"0","","3","0","937462443","500000000000011803"<endrec>
"0","","5","0","937462443","500000000000011902"<endrec>
"1","","2","1","937464403","500000000000011802"<endrec>
"0","","3","0","937464403","500000000000011803"<endrec>
"0","","5","0","937464403","500000000000011902"<endrec>
"1","","2","1","937465443","500000000000011802"<endrec>
"0","","3","0","937465443","500000000000011803"<endrec>
"0","","5","3","937465443","500000000000011902"<endrec>
"1","","2","1","937465493","500000000000011802"<endrec>
"0","","3","0","937465493","500000000000011803"<endrec>
"0","","5","1","937465493","500000000000011902"<endrec>
"1","","4","1","937466606","500000000000011802"<endrec>
"0","","3","0","937466606","500000000000011803"<endrec>
"0","","5","1","937466606","500000000000011902"<endrec>
"1","","4","1","937467550","500000000000011802"<endrec>
"0","","3","0","937467550","500000000000011803"<endrec>
"0","","5","0","937467550","500000000000011902"<endrec>
"1","","4","1","937468663","500000000000011802"<endrec>
"0","","3","0","937468663","500000000000011803"<endrec>
"0","","5","0","937468663","500000000000011902"<endrec>
"1","","4","1","937468715","500000000000011802"<endrec>
"0","","3","0","937468715","500000000000011803"<endrec>
"0","","5","0","937468715","500000000000011902"<endrec>
"1","","4","1","937470787","500000000000011802"<endrec>
"0","","3","0","937470787","500000000000011803"<endrec>
"0","","5","0","937470787","500000000000011902"<endrec>
"1","","10","1","937474589","500000000000011802"<endrec>
"0","","10","0","937474589","500000000000011803"<endrec>
"0","","10","1","937474589","500000000000011902"<endrec>
"1","","4","1","937474590","500000000000011802"<endrec>
"0","","3","0","937474590","500000000000011803"<endrec>
"0","","5","0","937474590","500000000000011902"<endrec>
"1","","4","1","937474594","500000000000011802"<endrec>
"0","","3","0","937474594","500000000000011803"<endrec>
"0","","5","0","937474594","500000000000011902"<endrec>
"1","","4","1","937474621","500000000000011802"<endrec>
"0","","3","1","937474621","500000000000011803"<endrec>
"0","","5","1","937474621","500000000000011902"<endrec>
"1","","4","1","937475609","500000000000011802"<endrec>
"0","","3","0","937475609","500000000000011803"<endrec>
"0","","5","0","937475609","500000000000011902"<endrec>
"1","","4","1","937475622","500000000000011802"<endrec>
"0","","3","0","937475622","500000000000011803"<endrec>
"1","","5","1","937475622","500000000000011902"<endrec>
"1","","4","1","937476538","500000000000011802"<endrec>
"0","","3","0","937476538","500000000000011803"<endrec>
"0","","5","1","937476538","500000000000011902"<endrec>
"1","","4","1","937476556","500000000000011802"<endrec>
"0","","3","0","937476556","500000000000011803"<endrec>
"0","","5","1","937476556","500000000000011902"<endrec>
"1","","3","1","937483540","500000000000011802"<endrec>
"1","","4","1","937483540","500000000000011803"<endrec>
"1","","4","1","937483540","500000000000011902"<endrec>
"1","","4","1","937484596","500000000000011802"<endrec>
"0","","3","0","937484596","500000000000011803"<endrec>
"0","","5","0","937484596","500000000000011902"<endrec>
"1","","4","1","937486657","500000000000011802"<endrec>
"0","","3","0","937486657","500000000000011803"<endrec>
"0","","5","0","937486657","500000000000011902"<endrec>
"1","","4","1","937487628","500000000000011802"<endrec>
"0","","3","2","937487628","500000000000011803"<endrec>
"0","","5","0","937487628","500000000000011902"<endrec>
"1","","4","1","937488629","500000000000011802"<endrec>
"0","","3","2","937488629","500000000000011803"<endrec>
"0","","5","0","937488629","500000000000011902"<endrec>
"1","","10","1","937489601","500000000000011802"<endrec>
"0","","10","1","937489601","500000000000011902"<endrec>
"1","","4","1","937489610","500000000000011802"<endrec>
"0","","3","2","937489610","500000000000011803"<endrec>
"0","","5","0","937489610","500000000000011902"<endrec>
"1","","4","1","937489617","500000000000011802"<endrec>
"1","","3","1","937489617","500000000000011803"<endrec>
"0","","5","0","937489617","500000000000011902"<endrec>
"1","","4","1","937489618","500000000000011802"<endrec>
"1","","3","1","937489618","500000000000011803"<endrec>
"0","","5","0","937489618","500000000000011902"<endrec>
"1","","4","1","937489622","500000000000011802"<endrec>
"1","","3","1","937489622","500000000000011803"<endrec>
"0","","5","1","937489622","500000000000011902"<endrec>
"1","","4","1","937492604","500000000000011802"<endrec>
"1","","3","1","937492604","500000000000011803"<endrec>
"0","","5","0","937492604","500000000000011902"<endrec>
"1","","4","1","937492605","500000000000011802"<endrec>
"1","","3","1","937492605","500000000000011803"<endrec>
"0","","5","0","937492605","500000000000011902"<endrec>
"1","","4","1","937492611","500000000000011802"<endrec>
"1","","3","1","937492611","500000000000011803"<endrec>
"0","","5","0","937492611","500000000000011902"<endrec>
"1","","4","1","937495594","500000000000011802"<endrec>
"1","","3","1","937495594","500000000000011803"<endrec>
"0","","5","2","937495594","500000000000011902"<endrec>
"1","","4","1","937495602","500000000000011802"<endrec>
"1","","3","1","937495602","500000000000011803"<endrec>
"0","","5","2","937495602","500000000000011902"<endrec>
"1","","4","1","937495603","500000000000011802"<endrec>
"1","","3","1","937495603","500000000000011803"<endrec>
"0","","5","2","937495603","500000000000011902"<endrec>
"1","","4","1","937495610","500000000000011802"<endrec>
"1","","3","1","937495610","500000000000011803"<endrec>
"0","","5","2","937495610","500000000000011902"<endrec>
"1","","4","1","937496686","500000000000011802"<endrec>
"1","","3","1","937496686","500000000000011803"<endrec>
"0","","5","2","937496686","500000000000011902"<endrec>
"1","","4","1","937496690","500000000000011802"<endrec>
"1","","3","1","937496690","500000000000011803"<endrec>
"0","","5","2","937496690","500000000000011902"<endrec>
"1","","4","1","937496744","500000000000011802"<endrec>
"1","","3","1","937496744","500000000000011803"<endrec>
"0","","5","2","937496744","500000000000011902"<endrec>
"1","","4","1","937497721","500000000000011802"<endrec>
"1","","3","1","937497721","500000000000011803"<endrec>
"0","","5","2","937497721","500000000000011902"<endrec>
"1","","4","1","937497723","500000000000011802"<endrec>
"1","","3","1","937497723","500000000000011803"<endrec>
"0","","5","2","937497723","500000000000011902"<endrec>
"1","","4","1","937498729","500000000000011802"<endrec>
"1","","3","1","937498729","500000000000011803"<endrec>
"0","","5","2","937498729","500000000000011902"<endrec>
"1","","4","1","937498735","500000000000011802"<endrec>
"1","","3","1","937498735","500000000000011803"<endrec>
"0","","5","0","937498735","500000000000011902"<endrec>
"1","","4","1","937498757","500000000000011802"<endrec>
"1","","3","1","937498757","500000000000011803"<endrec>
"0","","5","1","937498757","500000000000011902"<endrec>
"1","","4","1","937498802","500000000000011802"<endrec>
"1","","3","1","937498802","500000000000011803"<endrec>
"0","","5","1","937498802","500000000000011902"<endrec>
"1","","4","1","937509778","500000000000011802"<endrec>
"1","","3","1","937509778","500000000000011803"<endrec>
"0","","5","2","937509778","500000000000011902"<endrec>
"1","","4","1","937509884","500000000000011802"<endrec>
"1","","1","1","937509884","500000000000011803"<endrec>
"0","","5","2","937509884","500000000000011902"<endrec>
"1","","10","1","937509941","500000000000011802"<endrec>
"0","","10","1","937509941","500000000000011902"<endrec>
"1","","4","1","937509943","500000000000011802"<endrec>
"1","","1","1","937509943","500000000000011803"<endrec>
"0","","5","2","937509943","500000000000011902"<endrec>
"1","","5","1","937510023","500000000000011802"<endrec>
"1","","1","0","937510023","500000000000011803"<endrec>
"0","","5","0","937510023","500000000000011902"<endrec>
"1","","4","1","937510025","500000000000011802"<endrec>
"0","","1","0","937510025","500000000000011803"<endrec>
"0","","5","2","937510025","500000000000011902"<endrec>
"1","","5","1","937510027","500000000000011802"<endrec>
"0","","1","0","937510027","500000000000011803"<endrec>
"0","","5","0","937510027","500000000000011902"<endrec>
"1","","4","1","937510028","500000000000011802"<endrec>
"1","","1","1","937510028","500000000000011803"<endrec>
"0","","5","2","937510028","500000000000011902"<endrec>
"1","","4","1","937510035","500000000000011802"<endrec>
"1","","5","1","937510035","500000000000011803"<endrec>
"0","","5","2","937510035","500000000000011902"<endrec>
"1","","10","1","937510036","500000000000011802"<endrec>
"0","","1","0","937510036","500000000000011803"<endrec>
"0","","10","1","937510036","500000000000011902"<endrec>
"1","","4","1","937510055","500000000000011802"<endrec>
"1","","5","1","937510055","500000000000011803"<endrec>
"0","","5","1","937510055","500000000000011902"<endrec>
"1","","5","1","937510289","500000000000011802"<endrec>
"0","","5","0","937510289","500000000000011803"<endrec>
"0","","5","1","937510289","500000000000011902"<endrec>
"1","","4","1","937510303","500000000000011802"<endrec>
"1","","1","1","937510303","500000000000011803"<endrec>
"0","","5","1","937510303","500000000000011902"<endrec>
"1","","4","1","937510313","500000000000011802"<endrec>
"1","","1","1","937510313","500000000000011803"<endrec>
"0","","5","1","937510313","500000000000011902"<endrec>
"1","","10","1","937510314","500000000000011802"<endrec>
"0","","1","0","937510314","500000000000011803"<endrec>
"0","","10","1","937510314","500000000000011902"<endrec>
"1","","4","1","937510317","500000000000011802"<endrec>
"1","","1","1","937510317","500000000000011803"<endrec>
"0","","5","1","937510317","500000000000011902"<endrec>
"1","","10","1","937510319","500000000000011802"<endrec>
"0","","1","0","937510319","500000000000011803"<endrec>
"0","","10","1","937510319","500000000000011902"<endrec>
"1","","10","1","937510381","500000000000011802"<endrec>
"0","","20","2","937510381","500000000000011902"<endrec>
"1","","4","1","937510472","500000000000011802"<endrec>
"1","","1","1","937510472","500000000000011803"<endrec>
"0","","5","1","937510472","500000000000011902"<endrec>
"1","","4","1","937510473","500000000000011802"<endrec>
"1","","5","2","937510473","500000000000011803"<endrec>
"0","","5","1","937510473","500000000000011902"<endrec>
"1","","10","1","937511725","500000000000011802"<endrec>
"0","","1","0","937511725","500000000000011803"<endrec>
"0","","10","2","937511725","500000000000011902"<endrec>
"1","","10","1","937512741","500000000000011802"<endrec>
"0","","10","1","937512741","500000000000011902"<endrec>
"1","","1","1","937512769","500000000000011802"<endrec>
"1","","4","1","937512813","500000000000011802"<endrec>
"1","","1","1","937512813","500000000000011803"<endrec>
"0","","5","1","937512813","500000000000011902"<endrec>
"1","","4","1","937512814","500000000000011802"<endrec>
"1","","5","2","937512814","500000000000011803"<endrec>
"0","","5","1","937512814","500000000000011902"<endrec>
"1","","10","1","937512822","500000000000011802"<endrec>
"0","","10","1","937512822","500000000000011902"<endrec>
"1","","4","1","937512832","500000000000011802"<endrec>
"0","","5","1","937512832","500000000000011803"<endrec>
"0","","5","1","937512832","500000000000011902"<endrec>
"1","","10","1","937512833","500000000000011802"<endrec>
"0","","1","1","937512833","500000000000011803"<endrec>
"0","","10","1","937512833","500000000000011902"<endrec>
"1","","4","1","937512836","500000000000011802"<endrec>
"0","","5","1","937512836","500000000000011803"<endrec>
"0","","5","2","937512836","500000000000011902"<endrec>
"1","","4","1","937512837","500000000000011802"<endrec>
"0","","5","1","937512837","500000000000011803"<endrec>
"0","","5","1","937512837","500000000000011902"<endrec>
"1","","4","1","937512899","500000000000011802"<endrec>
"0","","5","1","937512899","500000000000011803"<endrec>
"0","","5","1","937512899","500000000000011902"<endrec>
"1","","1","1","937512913","500000000000011802"<endrec>
"0","","1","1","937512913","500000000000011803"<endrec>
"0","","1","1","937512913","500000000000011902"<endrec>
"1","","10","1","937513781","500000000000011802"<endrec>
"0","","10","1","937513781","500000000000011902"<endrec>
"1","","4","1","937514739","500000000000011802"<endrec>
"0","","5","1","937514739","500000000000011803"<endrec>
"0","","3","1","937514739","500000000000011902"<endrec>
"1","","1","1","937514762","500000000000011802"<endrec>
"0","","5","1","937514762","500000000000011803"<endrec>
"0","","3","1","937514762","500000000000011902"<endrec>
"1","","1","1","937514806","500000000000011802"<endrec>
"0","","1","1","937514806","500000000000011803"<endrec>
"0","","3","1","937514806","500000000000011902"<endrec>
"1","","1","1","937514807","500000000000011802"<endrec>
"0","","5","2","937514807","500000000000011803"<endrec>
"0","","3","1","937514807","500000000000011902"<endrec>
"1","","1","1","937514914","500000000000011802"<endrec>
"0","","5","2","937514914","500000000000011803"<endrec>
"0","","3","1","937514914","500000000000011902"<endrec>
"1","","1","1","937515825","500000000000011802"<endrec>
"0","","5","1","937515825","500000000000011803"<endrec>
"0","","3","1","937515825","500000000000011902"<endrec>
"1","","1","1","937515934","500000000000011802"<endrec>
"0","","5","1","937515934","500000000000011803"<endrec>
"0","","3","2","937515934","500000000000011902"<endrec>
"1","","1","1","937515964","500000000000011802"<endrec>
"0","","5","2","937515964","500000000000011803"<endrec>
"0","","3","2","937515964","500000000000011902"<endrec>
"1","","50","2","937517726","500000000000011902"<endrec>
"1","","10","2","937517727","500000000000011802"<endrec>
"1","","1","1","937522748","500000000000011802"<endrec>
"0","","1","0","937522748","500000000000011803"<endrec>
"0","","3","0","937522748","500000000000011902"<endrec>
"1","","1","1","937526745","500000000000011802"<endrec>
"0","","5","1","937526745","500000000000011803"<endrec>
"1","","1","1","937526745","500000000000011902"<endrec>
"1","","1","1","937526748","500000000000011802"<endrec>
"0","","5","1","937526748","500000000000011803"<endrec>
"0","","1","1","937526748","500000000000011902"<endrec>
"1","","4","1","937529758","500000000000011802"<endrec>
"0","","5","1","937529758","500000000000011803"<endrec>
"0","","3","2","937529758","500000000000011902"<endrec>
"1","","10","1","937531729","500000000000011802"<endrec>
"0","","20","2","937531729","500000000000011902"<endrec>
"0","","3","0","937531730","500000000000011802"<endrec>
"0","","3","0","937531730","500000000000011803"<endrec>
"1","","10","2","937531730","500000000000011902"<endrec>
"1","","4","1","937532928","500000000000011802"<endrec>
"0","","1","1","937532928","500000000000011803"<endrec>
"0","","3","2","937532928","500000000000011902"<endrec>
"1","","4","1","937532931","500000000000011802"<endrec>
"0","","5","2","937532931","500000000000011803"<endrec>
"0","","3","2","937532931","500000000000011902"<endrec>
"1","","4","1","937533740","500000000000011802"<endrec>
"0","","5","1","937533740","500000000000011803"<endrec>
"0","","3","0","937533740","500000000000011902"<endrec>
"1","","4","1","937533820","500000000000011802"<endrec>
"1","","5","1","937533820","500000000000011803"<endrec>
"1","","3","0","937533820","500000000000011902"<endrec>
"1","","10","1","937533834","500000000000011802"<endrec>
"0","","10","1","937533834","500000000000011902"<endrec>
"1","","4","1","937535794","500000000000011802"<endrec>
"1","","5","1","937535794","500000000000011803"<endrec>
"1","","3","1","937535794","500000000000011902"<endrec>
"1","","4","1","937535798","500000000000011802"<endrec>
"1","","5","1","937535798","500000000000011803"<endrec>
"1","","3","1","937535798","500000000000011902"<endrec>
"1","","2","1","937535846","500000000000011802"<endrec>
"0","","4","1","937535846","500000000000011803"<endrec>
"1","","2","1","937535846","500000000000011902"<endrec>
"1","","10","1","937536725","500000000000011802"<endrec>
"1","","20","2","937536725","500000000000011902"<endrec>
"1","","3","0","937536726","500000000000011802"<endrec>
"1","","3","0","937536726","500000000000011803"<endrec>
"1","","10","2","937536726","500000000000011902"<endrec>
"1","","10","1","937536727","500000000000011802"<endrec>
"1","","20","2","937536727","500000000000011902"<endrec>
"1","","10","1","937536728","500000000000011802"<endrec>
"1","","20","1","937536728","500000000000011902"<endrec>
"1","","10","1","937536729","500000000000011802"<endrec>
"1","","10","1","937536729","500000000000011902"<endrec>
"1","","5","1","937536730","500000000000011802"<endrec>
"1","","5","0","937536730","500000000000011803"<endrec>
"1","","5","1","937536730","500000000000011902"<endrec>
"1","","5","1","937536731","500000000000011802"<endrec>
"1","","5","0","937536731","500000000000011803"<endrec>
"1","","5","1","937536731","500000000000011902"<endrec>
"1","","5","1","937536732","500000000000011802"<endrec>
"1","","5","0","937536732","500000000000011803"<endrec>
"1","","5","1","937536732","500000000000011902"<endrec>
"1","","10","1","937536733","500000000000011802"<endrec>
"1","","20","1","937536733","500000000000011902"<endrec>
"1","","2","1","937536734","500000000000011802"<endrec>
"1","","4","1","937536734","500000000000011803"<endrec>
"1","","2","1","937536734","500000000000011902"<endrec>
"1","","10","10","937536735","500000000000011802"<endrec>
"1","","10","10","937536735","500000000000011803"<endrec>
"1","","10","10","937536735","500000000000011902"<endrec>
"1","","1","1","937536736","500000000000011802"<endrec>
"1","","1","1","937536736","500000000000011803"<endrec>
"1","","1","1","937536736","500000000000011902"<endrec>
"1","","4","1","937536741","500000000000011802"<endrec>
"1","","5","1","937536741","500000000000011803"<endrec>
"1","","1","1","937536741","500000000000011902"<endrec>
"1","","50","1","937539791","500000000000011902"<endrec>
"1","","10","1","937539792","500000000000011802"<endrec>
"1","","20","1","937539792","500000000000011902"<endrec>
"1","","10","1","937539793","500000000000011802"<endrec>
"1","","20","1","937539793","500000000000011902"<endrec>
"1","","4","1","937539794","500000000000011802"<endrec>
"1","","5","1","937539794","500000000000011803"<endrec>
"1","","4","1","937539795","500000000000011802"<endrec>
"1","","5","1","937539795","500000000000011803"<endrec>
"1","","10","1","937539881","500000000000011802"<endrec>
"0","","10","1","937539881","500000000000011902"<endrec>
"1","","4","1","937539966","500000000000011802"<endrec>
"1","","5","1","937539966","500000000000011803"<endrec>
"1","","2","2","937539966","500000000000011902"<endrec>
"1","","4","1","937540737","500000000000011802"<endrec>
"1","","5","1","937540737","500000000000011803"<endrec>
"1","","1","1","937540737","500000000000011902"<endrec>
"1","","4","1","937542729","500000000000011802"<endrec>
"1","","5","1","937542729","500000000000011803"<endrec>
"1","","3","1","937542729","500000000000011902"<endrec>
"1","","4","1","937542736","500000000000011802"<endrec>
"1","","5","1","937542736","500000000000011803"<endrec>
"1","","3","2","937542736","500000000000011902"<endrec>
"1","","4","1","937542745","500000000000011802"<endrec>
"1","","5","1","937542745","500000000000011803"<endrec>
"1","","3","2","937542745","500000000000011902"<endrec>
"1","","4","1","937544804","500000000000011802"<endrec>
"1","","5","1","937544804","500000000000011803"<endrec>
"1","","3","2","937544804","500000000000011902"<endrec>
"0","","2","1","937544804","500000000000016102"<endrec>
"1","","1","1","937544808","500000000000011802"<endrec>
"0","","6","3","937544808","500000000000011803"<endrec>
"0","","2","1","937544808","500000000000011902"<endrec>
"1","","4","1","937544809","500000000000011802"<endrec>
"1","","5","1","937544809","500000000000011803"<endrec>
"1","","3","2","937544809","500000000000011902"<endrec>
"1","","4","1","937544813","500000000000011802"<endrec>
"1","","5","1","937544813","500000000000011803"<endrec>
"1","","3","2","937544813","500000000000011902"<endrec>
"1","","4","1","937544816","500000000000011802"<endrec>
"1","","5","1","937544816","500000000000011803"<endrec>
"1","","4","2","937544816","500000000000011902"<endrec>
"1","","4","1","937544819","500000000000011802"<endrec>
"1","","5","1","937544819","500000000000011803"<endrec>
"1","","4","2","937544819","500000000000011902"<endrec>
"1","","4","1","937544827","500000000000011802"<endrec>
"1","","5","1","937544827","500000000000011803"<endrec>
"1","","4","2","937544827","500000000000011902"<endrec>
"1","","4","1","937544832","500000000000011802"<endrec>
"1","","5","1","937544832","500000000000011803"<endrec>
"1","","4","2","937544832","500000000000011902"<endrec>
"1","","10","1","937544833","500000000000011802"<endrec>
"0","","4","1","937544833","500000000000011803"<endrec>
"0","","10","2","937544833","500000000000011902"<endrec>
"1","","10","1","937544836","500000000000011802"<endrec>
"0","","4","1","937544836","500000000000011803"<endrec>
"0","","10","2","937544836","500000000000011902"<endrec>
"1","","10","1","937544837","500000000000011802"<endrec>
"0","","4","1","937544837","500000000000011803"<endrec>
"0","","10","2","937544837","500000000000011902"<endrec>
"1","","4","1","937544838","500000000000011802"<endrec>
"1","","5","1","937544838","500000000000011803"<endrec>
"1","","4","2","937544838","500000000000011902"<endrec>
"1","","10","1","937544842","500000000000011802"<endrec>
"0","","4","1","937544842","500000000000011803"<endrec>
"0","","10","2","937544842","500000000000011902"<endrec>
"1","","10","1","937544844","500000000000011802"<endrec>
"0","","4","0","937544844","500000000000011803"<endrec>
"0","","10","0","937544844","500000000000011902"<endrec>
"1","","4","1","937544845","500000000000011802"<endrec>
"1","","5","0","937544845","500000000000011803"<endrec>
"1","","4","0","937544845","500000000000011902"<endrec>
"1","","4","1","937544846","500000000000011802"<endrec>
"1","","5","1","937544846","500000000000011803"<endrec>
"1","","4","2","937544846","500000000000011902"<endrec>
"1","","4","1","937544870","500000000000011802"<endrec>
"1","","5","0","937544870","500000000000011803"<endrec>
"1","","4","0","937544870","500000000000011902"<endrec>
"1","","4","1","937544877","500000000000011802"<endrec>
"1","","5","2","937544877","500000000000011803"<endrec>
"1","","4","2","937544877","500000000000011902"<endrec>
"1","","4","1","937544878","500000000000011802"<endrec>
"1","","5","2","937544878","500000000000011803"<endrec>
"1","","4","2","937544878","500000000000011902"<endrec>
"1","","4","1","937544879","500000000000011802"<endrec>
"1","","5","2","937544879","500000000000011803"<endrec>
"1","","4","3","937544879","500000000000011902"<endrec>
"1","","10","1","937546726","500000000000011802"<endrec>
"0","","4","1","937546726","500000000000011803"<endrec>
"0","","10","2","937546726","500000000000011902"<endrec>
"1","","10","1","937547744","500000000000011802"<endrec>
"0","","4","0","937547744","500000000000011803"<endrec>
"0","","10","0","937547744","500000000000011902"<endrec>
"1","","4","1","937547819","500000000000011802"<endrec>
"1","","5","1","937547819","500000000000011803"<endrec>
"1","","3","2","937547819","500000000000011902"<endrec>
"1","","4","1","937547821","500000000000011802"<endrec>
"1","","5","2","937547821","500000000000011803"<endrec>
"1","","4","3","937547821","500000000000011902"<endrec>
"1","","10","1","937547824","500000000000011802"<endrec>
"0","","4","0","937547824","500000000000011803"<endrec>
"0","","10","2","937547824","500000000000011902"<endrec>
"1","","10","1","937547825","500000000000011802"<endrec>
"0","","4","0","937547825","500000000000011803"<endrec>
"0","","10","3","937547825","500000000000011902"<endrec>
"1","","10","1","937547826","500000000000011802"<endrec>
"0","","4","0","937547826","500000000000011803"<endrec>
"0","","10","1","937547826","500000000000011902"<endrec>
"1","","4","1","937548743","500000000000011802"<endrec>
"1","","5","1","937548743","500000000000011803"<endrec>
"1","","4","1","937548743","500000000000011902"<endrec>
"1","","4","1","937548744","500000000000011802"<endrec>
"1","","5","1","937548744","500000000000011803"<endrec>
"1","","4","2","937548744","500000000000011902"<endrec>
"1","","10","1","937548828","500000000000011802"<endrec>
"0","","4","0","937548828","500000000000011803"<endrec>
"0","","10","3","937548828","500000000000011902"<endrec>
"1","","10","1","937548846","500000000000011802"<endrec>
"0","","4","0","937548846","500000000000011803"<endrec>
"0","","10","1","937548846","500000000000011902"<endrec>
"1","2018-12-04 12:32:08.000000","10","1","937550735","500000000000011802"<endrec>
"0","2018-12-04 12:32:08.000000","4","0","937550735","500000000000011803"<endrec>
"0","2018-12-04 12:32:08.000000","10","1","937550735","500000000000011902"<endrec>
"1","2018-12-04 16:04:54.000000","10","1","937550746","500000000000011802"<endrec>
"0","2018-12-04 16:04:54.000000","4","0","937550746","500000000000011803"<endrec>
"0","2018-12-04 16:04:54.000000","10","2","937550746","500000000000011902"<endrec>
"1","2018-12-05 12:50:56.000000","10","1","937551737","500000000000011802"<endrec>
"0","2018-12-05 12:50:56.000000","1","0","937551737","500000000000011803"<endrec>
"0","2018-12-05 12:50:56.000000","10","2","937551737","500000000000011902"<endrec>
"1","","1","1","937566803","500000000000011802"<endrec>
"1","","1","1","937566803","500000000000011803"<endrec>
"1","","1","1","937566803","500000000000011902"<endrec>
"1","","4","2","937570740","500000000000011803"<endrec>
"1","","3","1","937570740","500000000000012302"<endrec>
"1","","1","1","937571742","500000000000011802"<endrec>
"1","","1","1","937571742","500000000000011803"<endrec>
"1","","1","1","937571742","500000000000011902"<endrec>
"1","","5","1","937571743","500000000000011802"<endrec>
"1","","5","1","937571743","500000000000011803"<endrec>
"1","","5","1","937571743","500000000000011902"<endrec>
"1","","5","1","937572802","500000000000011802"<endrec>
"1","","5","1","937572802","500000000000011803"<endrec>
"1","","5","1","937572802","500000000000011902"<endrec>
"1","2019-02-22 10:04:15.000000","5","1","937574783","500000000000011802"<endrec>
"1","2019-02-22 10:04:15.000000","5","1","937574783","500000000000011803"<endrec>
"1","2019-02-22 10:04:15.000000","5","1","937574783","500000000000011902"<endrec>
"1","2019-02-22 10:24:56.000000","5","1","937574784","500000000000011802"<endrec>
"1","2019-02-22 10:24:56.000000","5","1","937574784","500000000000011803"<endrec>
"1","2019-02-22 10:24:56.000000","5","1","937574784","500000000000011902"<endrec>
"1","2019-02-27 03:01:22.000000","1","1","937581759","500000000000011802"<endrec>
"1","2019-02-27 03:01:22.000000","5","1","937581759","500000000000011803"<endrec>
"1","2019-02-27 03:01:22.000000","2","1","937581759","500000000000011902"<endrec>
"1","2019-02-27 10:28:58.000000","1","1","937583761","500000000000011802"<endrec>
"1","2019-02-27 10:28:58.000000","5","1","937583761","500000000000011803"<endrec>
"1","2019-02-27 10:28:58.000000","5","1","937583761","500000000000011902"<endrec>
"1","2019-02-28 03:22:07.000000","10","1","937583767","500000000000011802"<endrec>
"0","2019-02-28 03:22:07.000000","1","0","937583767","500000000000011803"<endrec>
"0","2019-02-28 03:22:07.000000","10","0","937583767","500000000000011902"<endrec>
"1","2019-02-28 13:32:05.000000","10","1","937583791","500000000000011802"<endrec>
"0","2019-02-28 13:32:05.000000","1","0","937583791","500000000000011803"<endrec>
"0","2019-02-28 13:32:05.000000","10","1","937583791","500000000000011902"<endrec>
"1","2019-03-06 09:14:16.000000","1","1","937583911","500000000000011802"<endrec>
"1","2019-03-06 09:14:16.000000","5","2","937583911","500000000000011803"<endrec>
"1","2019-03-06 09:14:16.000000","5","1","937583911","500000000000011902"<endrec>
"1","2019-03-06 10:30:54.000000","1","1","937583920","500000000000011802"<endrec>
"1","2019-03-06 10:30:54.000000","5","2","937583920","500000000000011803"<endrec>
"1","2019-03-06 10:30:54.000000","5","1","937583920","500000000000011902"<endrec>
"1","2019-03-06 12:24:00.000000","1","1","937583925","500000000000011802"<endrec>
"1","2019-03-06 12:24:00.000000","5","2","937583925","500000000000011803"<endrec>
"1","2019-03-06 12:24:00.000000","5","1","937583925","500000000000011902"<endrec>
"1","2019-03-07 12:45:19.000000","10","1","937583940","500000000000011802"<endrec>
"0","2019-03-07 12:45:19.000000","10","1","937583940","500000000000011902"<endrec>
"1","2019-03-11 05:14:58.000000","1","1","937584759","500000000000011802"<endrec>
"1","2019-03-11 05:14:58.000000","1","1","937584759","500000000000011803"<endrec>
"1","2019-03-11 05:14:58.000000","5","1","937584759","500000000000011902"<endrec>
"1","2019-03-12 06:48:10.000000","1","1","937584763","500000000000011802"<endrec>
"1","2019-03-12 06:48:10.000000","5","1","937584763","500000000000011803"<endrec>
"1","2019-03-12 06:48:10.000000","5","2","937584763","500000000000011902"<endrec>
"1","2019-03-11 14:37:20.000000","10","1","937585781","500000000000011802"<endrec>
"0","2019-03-11 14:37:20.000000","1","0","937585781","500000000000011803"<endrec>
"0","2019-03-11 14:37:20.000000","10","1","937585781","500000000000011902"<endrec>
"1","2019-03-18 08:19:46.000000","1","1","937585864","500000000000011802"<endrec>
"1","2019-03-18 08:19:46.000000","5","1","937585864","500000000000011803"<endrec>
"1","2019-03-18 08:19:46.000000","5","1","937585864","500000000000011902"<endrec>
"1","2019-03-18 10:33:54.000000","1","1","937586760","500000000000011802"<endrec>
"1","2019-03-18 10:33:54.000000","5","0","937586760","500000000000011803"<endrec>
"1","2019-03-18 10:33:54.000000","5","0","937586760","500000000000011902"<endrec>
"1","2019-03-19 02:22:40.000000","1","1","937586770","500000000000011802"<endrec>
"1","2019-03-19 02:22:40.000000","5","2","937586770","500000000000011803"<endrec>
"1","2019-03-19 02:22:40.000000","5","0","937586770","500000000000011902"<endrec>
"1","2019-03-28 14:51:22.000000","1","1","937594762","500000000000011802"<endrec>
"1","2019-03-28 14:51:22.000000","5","1","937594762","500000000000011803"<endrec>
"1","2019-03-28 14:51:22.000000","5","0","937594762","500000000000011902"<endrec>
"1","2019-04-10 16:26:33.000000","1","0","937594849","500000000000011802"<endrec>
"1","2019-04-10 16:26:33.000000","3","2","937594849","500000000000011803"<endrec>
"1","2019-04-10 16:26:33.000000","3","2","937594849","500000000000011902"<endrec>
"1","2019-04-10 16:36:15.000000","3","2","937594850","500000000000011802"<endrec>
"1","2019-04-10 16:36:15.000000","3","0","937594850","500000000000011803"<endrec>
"1","2019-04-10 16:36:15.000000","3","2","937594850","500000000000011902"<endrec>
"1","2019-04-11 14:41:55.000000","1","1","937594856","500000000000011802"<endrec>
"1","2019-04-11 14:41:55.000000","1","0","937594856","500000000000011803"<endrec>
"1","2019-04-11 14:41:55.000000","1","1","937594856","500000000000011902"<endrec>
"1","2019-04-12 04:12:56.000000","1","1","937595759","500000000000011802"<endrec>
"1","2019-04-12 04:12:56.000000","1","0","937595759","500000000000011803"<endrec>
"1","2019-04-12 04:12:56.000000","1","1","937595759","500000000000011902"<endrec>
"1","2019-05-03 10:22:16.000000","1","1","937601776","500000000000011802"<endrec>
"1","2019-05-03 10:22:16.000000","1","0","937601776","500000000000011803"<endrec>
"1","2019-05-03 10:22:16.000000","1","1","937601776","500000000000011902"<endrec>
"1","2019-05-07 12:01:43.000000","6","1","937601830","500000000000011802"<endrec>
"1","2019-05-07 12:01:43.000000","1","0","937601830","500000000000011803"<endrec>
"1","2019-05-07 12:01:43.000000","1","1","937601830","500000000000011902"<endrec>
"1","2019-05-10 13:07:38.000000","6","1","937605769","500000000000011802"<endrec>
"1","2019-05-10 13:07:38.000000","6","0","937605769","500000000000011803"<endrec>
"1","2019-05-10 13:07:38.000000","1","1","937605769","500000000000011902"<endrec>
"1","2019-05-14 12:28:09.000000","6","1","937605777","500000000000011802"<endrec>
"1","2019-05-14 12:28:09.000000","6","0","937605777","500000000000011803"<endrec>
"1","2019-05-14 12:28:09.000000","3","1","937605777","500000000000011902"<endrec>
"1","2019-05-14 12:30:09.000000","6","1","937605778","500000000000011802"<endrec>
"1","2019-05-14 12:30:09.000000","6","0","937605778","500000000000011803"<endrec>
"1","2019-05-14 12:30:09.000000","3","2","937605778","500000000000011902"<endrec>
"1","2019-05-28 09:51:25.000000","6","1","937607792","500000000000011802"<endrec>
"1","2019-05-28 09:51:25.000000","1","0","937607792","500000000000011803"<endrec>
"1","2019-05-28 09:51:25.000000","3","2","937607792","500000000000011902"<endrec>
"1","2019-06-26 07:37:49.000000","6","1","937612780","500000000000011802"<endrec>
"1","2019-06-26 07:37:49.000000","1","1","937612780","500000000000011803"<endrec>
"1","2019-06-26 07:37:49.000000","3","1","937612780","500000000000011902"<endrec>
"1","2019-06-26 07:39:54.000000","6","1","937612781","500000000000011802"<endrec>
"1","2019-06-26 07:39:54.000000","1","1","937612781","500000000000011803"<endrec>
"1","2019-06-26 07:39:54.000000","3","1","937612781","500000000000011902"<endrec>
"1","2019-06-26 07:42:38.000000","6","1","937612782","500000000000011802"<endrec>
"1","2019-06-26 07:42:38.000000","1","1","937612782","500000000000011803"<endrec>
"1","2019-06-26 07:42:38.000000","3","1","937612782","500000000000011902"<endrec>
"1","2019-06-26 07:47:32.000000","6","1","937612784","500000000000011802"<endrec>
"1","2019-06-26 07:47:32.000000","1","1","937612784","500000000000011803"<endrec>
"1","2019-06-26 07:47:32.000000","3","1","937612784","500000000000011902"<endrec>
"1","2019-06-26 07:51:51.000000","6","1","937612786","500000000000011802"<endrec>
"1","2019-06-26 07:51:51.000000","1","1","937612786","500000000000011803"<endrec>
"1","2019-06-26 07:51:51.000000","3","2","937612786","500000000000011902"<endrec>
"1","2019-06-26 07:53:51.000000","6","1","937612787","500000000000011802"<endrec>
"1","2019-06-26 07:53:51.000000","1","1","937612787","500000000000011803"<endrec>
"1","2019-06-26 07:53:51.000000","3","1","937612787","500000000000011902"<endrec>
"1","2019-07-10 08:15:55.000000","4","1","937612851","500000000000011802"<endrec>
"1","2019-07-10 08:15:55.000000","1","1","937612851","500000000000011803"<endrec>
"1","2019-07-10 08:23:11.000000","4","1","937612852","500000000000011802"<endrec>
"1","2019-07-10 08:23:11.000000","5","2","937612852","500000000000011803"<endrec>
"1","2019-07-10 13:47:26.000000","4","1","937612857","500000000000011802"<endrec>
"1","2019-07-10 13:47:26.000000","1","1","937612857","500000000000011803"<endrec>
"1","2019-07-10 13:51:05.000000","4","1","937612858","500000000000011802"<endrec>
"1","2019-07-10 13:51:05.000000","5","2","937612858","500000000000011803"<endrec>
"1","2019-07-19 07:41:15.000000","6","1","937612909","500000000000011802"<endrec>
"1","2019-07-19 07:41:15.000000","1","1","937612909","500000000000011803"<endrec>
"1","2019-07-19 07:41:15.000000","3","1","937612909","500000000000011902"<endrec>
"1","2019-08-12 06:18:21.000000","6","1","937619792","500000000000011802"<endrec>
"1","2019-08-12 06:18:21.000000","3","1","937619792","500000000000011803"<endrec>
"1","2019-08-12 06:18:21.000000","3","1","937619792","500000000000011902"<endrec>
"1","2019-08-13 21:27:46.000000","4","1","937619837","500000000000011802"<endrec>
"1","2019-08-13 21:27:46.000000","1","1","937619837","500000000000011803"<endrec>
"1","2019-08-15 15:45:10.000000","4","1","937619846","500000000000011802"<endrec>
"1","2019-08-15 15:45:10.000000","1","1","937619846","500000000000011803"<endrec>
"1","2019-08-15 23:47:46.000000","10","1","937619854","500000000000011802"<endrec>
"0","2019-08-15 23:47:46.000000","10","1","937619854","500000000000011902"<endrec>
"1","2019-08-16 21:22:14.000000","10","1","937619881","500000000000011802"<endrec>
"0","2019-08-16 21:22:14.000000","10","1","937619881","500000000000011902"<endrec>
"1","2019-08-23 12:46:33.000000","6","1","937641806","500000000000011802"<endrec>
"1","2019-08-23 12:46:33.000000","3","1","937641806","500000000000011803"<endrec>
"1","2019-08-23 12:46:33.000000","2","1","937641806","500000000000011902"<endrec>
"1","2019-08-29 06:56:51.000000","6","1","937641858","500000000000011802"<endrec>
"1","2019-08-29 06:56:51.000000","3","1","937641858","500000000000011803"<endrec>
"1","2019-08-29 06:56:51.000000","2","1","937641858","500000000000011902"<endrec>
"1","2019-09-03 09:16:20.000000","6","1","937641905","500000000000011802"<endrec>
"1","2019-09-03 09:16:20.000000","3","1","937641905","500000000000011803"<endrec>
"1","2019-09-03 09:16:20.000000","2","1","937641905","500000000000011902"<endrec>
"1","2019-09-19 11:53:58.000000","10","1","937648770","500000000000011802"<endrec>
"0","2019-09-19 11:53:58.000000","20","0","937648770","500000000000011803"<endrec>
"0","2019-09-19 11:53:58.000000","10","1","937648770","500000000000011902"<endrec>
"1","2019-12-03 16:03:16.000000","6","1","937683829","500000000000011802"<endrec>
"1","2019-12-03 16:03:16.000000","3","1","937683829","500000000000011803"<endrec>
"1","2019-12-03 16:03:16.000000","2","2","937683829","500000000000011902"<endrec>
"1","2019-12-03 16:40:07.000000","6","1","937683830","500000000000011802"<endrec>
"1","2019-12-03 16:40:07.000000","3","1","937683830","500000000000011803"<endrec>
"1","2019-12-03 16:40:07.000000","4","2","937683830","500000000000011902"<endrec>
"1","2020-01-21 17:59:48.000000","6","1","937707774","500000000000011802"<endrec>
"1","2020-01-21 17:59:48.000000","3","1","937707774","500000000000011803"<endrec>
"1","2020-01-21 17:59:48.000000","4","2","937707774","500000000000011902"<endrec>
